generation,mean_alignment,alignment_std,alignment_diversity,mean_energy,mean_fitness,vocab_size_mean,base_diversity,cluster_diversity,top_clusters,need_energy_mean,need_energy_std,need_social_mean,need_social_std,need_curiosity_mean,need_curiosity_std,need_esteem_mean,need_esteem_std,need_play_mean,need_play_std
1,0.0,0.0,1,86.34463156902865,0.9267196911895249,0,6,6,"8ccd70f8:6,288fc9cf:6,0871022d:6",0.162,0.158,0.456,0.074,0.555,0.035,0.513,0.023,0.283,0.079
2,0.0,0.0,1,74.06184529423156,1.1262258904692088,0,6,6,"0871022d:7,8ccd70f8:6,288fc9cf:6",0.284,0.139,0.404,0.085,0.624,0.028,0.541,0.028,0.307,0.081
3,0.0,0.0,1,61.90230439066261,1.136286818702456,0,6,6,"0871022d:8,8ccd70f8:6,288fc9cf:6",0.406,0.125,0.351,0.116,0.682,0.042,0.57,0.042,0.321,0.087
4,0.0,0.0,1,51.820367953943595,1.1327824334864778,0,6,6,"0871022d:8,8ccd70f8:6,288fc9cf:6",0.507,0.115,0.347,0.118,0.673,0.049,0.575,0.043,0.343,0.083
5,0.0,0.0,1,43.09168566806407,1.3187877550685834,0,6,6,"0871022d:9,8ccd70f8:6,288fc9cf:5",0.594,0.118,0.352,0.127,0.664,0.054,0.577,0.051,0.358,0.087
6,0.0,0.0,1,33.976545599309006,1.2869425965389365,0,6,6,"0871022d:10,8ccd70f8:5,288fc9cf:5",0.685,0.119,0.325,0.13,0.714,0.053,0.605,0.053,0.38,0.087
7,0.0,0.0,1,25.224589866567715,1.5168999458464063,0,6,6,"0871022d:10,8ccd70f8:5,288fc9cf:5",0.773,0.136,0.275,0.145,0.827,0.068,0.679,0.067,0.441,0.077
8,0.0,0.0,1,18.84604865797379,1.39761230054707,0,6,6,"0871022d:11,8ccd70f8:5,288fc9cf:5",0.837,0.157,0.274,0.149,0.903,0.082,0.739,0.071,0.508,0.074
9,0.0,0.0,1,13.840753100325205,1.470668794016372,0,6,6,"0871022d:12,288fc9cf:5,8ccd70f8:4",0.887,0.165,0.239,0.159,0.948,0.069,0.754,0.068,0.516,0.08
10,0.0,0.0,1,11.686676739005534,1.5310844648976285,0,6,6,"0871022d:13,8ccd70f8:4,4897db4e:4",0.908,0.176,0.246,0.163,0.941,0.073,0.757,0.068,0.529,0.083
11,0.0,0.0,1,10.85810218493683,1.5993495868269156,0,6,6,"0871022d:14,8ccd70f8:4,288fc9cf:4",0.916,0.177,0.207,0.16,0.953,0.071,0.761,0.072,0.515,0.091
12,0.0,0.0,1,10.785803526523782,1.8626180942375377,0,6,6,"0871022d:15,8ccd70f8:4,288fc9cf:4",0.917,0.176,0.181,0.168,0.959,0.068,0.759,0.069,0.512,0.094
13,0.0,0.0,1,10.811715464633748,1.8710564412245148,0,6,6,"0871022d:16,8ccd70f8:4,288fc9cf:4",0.917,0.178,0.183,0.171,0.946,0.071,0.765,0.068,0.53,0.09
14,0.0,0.0,1,10.834092463756669,1.7957026197520194,0,6,6,"0871022d:17,288fc9cf:4,8ccd70f8:3",0.917,0.178,0.159,0.181,0.955,0.075,0.762,0.068,0.508,0.091
15,0.0,0.0,1,11.17900725107962,1.9927256057021805,0,6,6,"0871022d:18,8ccd70f8:3,288fc9cf:3",0.913,0.18,0.175,0.189,0.939,0.077,0.763,0.065,0.508,0.094
16,0.0,0.0,1,11.2192617328968,1.9056835198821285,0,6,6,"0871022d:19,8ccd70f8:3,288fc9cf:2",0.913,0.18,0.151,0.188,0.948,0.076,0.763,0.064,0.49,0.095
17,0.0,0.0,1,11.571285749257854,2.0788022565924797,0,6,6,"0871022d:20,8ccd70f8:3,288fc9cf:2",0.909,0.185,0.169,0.187,0.933,0.078,0.76,0.063,0.492,0.095
18,0.0,0.0,1,11.51234732279146,1.9643766646397356,0,6,6,"0871022d:21,8ccd70f8:3,7a258283:2",0.91,0.182,0.149,0.19,0.946,0.074,0.761,0.066,0.483,0.102
19,0.0,0.0,1,11.5131427255362,1.98907022883193,0,5,5,"0871022d:22,8ccd70f8:3,7a258283:2",0.91,0.178,0.145,0.187,0.937,0.08,0.77,0.065,0.502,0.11
20,0.0,0.0,1,11.556786529387079,2.0288643952558343,0,5,5,"0871022d:23,8ccd70f8:3,4897db4e:2",0.909,0.177,0.143,0.192,0.933,0.086,0.774,0.067,0.501,0.109
21,0.0,0.0,1,11.052958438938441,2.056525035659846,0,5,5,"0871022d:24,8ccd70f8:3,47ed045c:1",0.914,0.173,0.126,0.188,0.94,0.078,0.779,0.071,0.499,0.109
22,0.0,0.0,1,11.323636619313184,2.1046052117565823,0,4,4,"0871022d:25,8ccd70f8:3,7a258283:1",0.912,0.177,0.141,0.187,0.925,0.079,0.773,0.069,0.496,0.111
23,0.0,0.0,1,11.046006433524397,2.2441210046758058,0,4,4,"0871022d:25,8ccd70f8:3,7a258283:1",0.915,0.177,0.127,0.188,0.942,0.074,0.776,0.073,0.492,0.118
24,0.0,0.0,1,10.923996015942816,2.09647338320961,0,4,4,"0871022d:26,8ccd70f8:2,7a258283:1",0.916,0.171,0.123,0.188,0.953,0.065,0.769,0.072,0.459,0.114
25,0.0,0.0,1,10.87679957875936,2.2210302050585597,0,4,4,"0871022d:26,8ccd70f8:2,7a258283:1",0.916,0.174,0.111,0.186,0.959,0.066,0.773,0.07,0.456,0.11
26,0.0,0.0,1,9.138949782598175,2.3339475775218457,0,4,4,"0871022d:26,8ccd70f8:2,7a258283:1",0.934,0.15,0.105,0.164,0.95,0.064,0.776,0.069,0.471,0.108
27,0.0,0.0,1,8.63116666017554,2.1497055777561482,0,4,4,"0871022d:26,8ccd70f8:2,7a258283:1",0.939,0.159,0.094,0.164,0.955,0.067,0.776,0.068,0.469,0.125
28,0.0,0.0,1,9.311284175592363,2.12358935722797,0,4,4,"0871022d:26,8ccd70f8:2,7a258283:1",0.932,0.167,0.109,0.175,0.943,0.069,0.775,0.07,0.481,0.118
29,0.0,0.0,1,9.864775734015712,2.130265127850565,0,4,4,"0871022d:26,8ccd70f8:2,7a258283:1",0.926,0.174,0.104,0.187,0.955,0.074,0.78,0.076,0.485,0.122
30,0.0,0.0,1,10.45167968679782,2.271353028772641,0,4,4,"0871022d:26,8ccd70f8:2,7a258283:1",0.92,0.174,0.101,0.182,0.965,0.066,0.78,0.079,0.476,0.121
31,0.0,0.0,1,11.025378528568138,2.274698958741064,0,4,4,"0871022d:26,8ccd70f8:2,7a258283:1",0.915,0.177,0.12,0.186,0.949,0.07,0.782,0.083,0.493,0.129
32,0.0,0.0,1,11.13446918674104,2.2905356473433476,0,4,4,"0871022d:26,8ccd70f8:2,7a258283:1",0.914,0.171,0.114,0.186,0.958,0.068,0.782,0.083,0.486,0.143
33,0.0,0.0,1,11.325385846330411,2.3428554001668167,0,4,4,"0871022d:26,8ccd70f8:2,7a258283:1",0.912,0.172,0.126,0.195,0.945,0.07,0.785,0.084,0.503,0.125
34,0.0,0.0,1,11.279401347206672,2.139189868799366,0,4,4,"0871022d:26,8ccd70f8:2,7a258283:1",0.912,0.174,0.135,0.202,0.935,0.073,0.788,0.089,0.529,0.124
35,0.0,0.0,1,11.011304472565042,2.1444437980911704,0,4,4,"0871022d:26,8ccd70f8:2,7a258283:1",0.915,0.176,0.133,0.204,0.94,0.079,0.789,0.088,0.526,0.122
36,0.0,0.0,1,10.893427788736874,2.150126799145917,0,4,4,"0871022d:26,8ccd70f8:2,7a258283:1",0.916,0.176,0.119,0.192,0.948,0.073,0.796,0.087,0.52,0.109
37,0.0,0.0,1,11.214029931605358,2.156228293592865,0,4,4,"0871022d:26,8ccd70f8:2,7a258283:1",0.913,0.18,0.124,0.188,0.938,0.074,0.798,0.086,0.532,0.107
38,0.0,0.0,1,11.469887046569442,2.1546078916877653,0,4,4,"0871022d:26,8ccd70f8:2,7a258283:1",0.91,0.18,0.13,0.185,0.923,0.075,0.808,0.091,0.563,0.109
39,0.0,0.0,1,11.678988585397324,2.1651961443460923,0,4,4,"0871022d:26,8ccd70f8:2,7a258283:1",0.908,0.183,0.139,0.198,0.925,0.086,0.807,0.091,0.55,0.111
40,0.0,0.0,1,11.422963769831323,2.300396248071513,0,4,4,"0871022d:26,8ccd70f8:2,7a258283:1",0.911,0.183,0.128,0.191,0.935,0.082,0.811,0.096,0.545,0.119
41,0.0,0.0,1,11.491859291014153,2.1704360556687683,0,4,4,"0871022d:26,8ccd70f8:2,7a258283:1",0.91,0.176,0.132,0.183,0.928,0.081,0.812,0.095,0.56,0.105
42,0.0,0.0,1,11.572980189680498,2.196820233654838,0,4,4,"0871022d:26,8ccd70f8:2,7a258283:1",0.909,0.177,0.128,0.191,0.933,0.082,0.815,0.1,0.56,0.111
43,0.0,0.0,1,11.426528837177994,2.3092684669513357,0,4,4,"0871022d:26,8ccd70f8:2,7a258283:1",0.911,0.177,0.128,0.189,0.94,0.078,0.808,0.094,0.551,0.113
44,0.0,0.0,1,10.998904916139953,2.1950675903514307,0,4,4,"0871022d:27,8ccd70f8:1,7a258283:1",0.915,0.173,0.124,0.195,0.952,0.073,0.8,0.092,0.531,0.118
45,0.0,0.0,1,11.111332424958155,2.1998362159245146,0,4,4,"0871022d:27,8ccd70f8:1,7a258283:1",0.914,0.177,0.133,0.194,0.945,0.073,0.793,0.09,0.524,0.122
46,0.0,0.0,1,11.094108089611684,2.210533690782798,0,4,4,"0871022d:27,8ccd70f8:1,7a258283:1",0.914,0.18,0.154,0.201,0.93,0.075,0.791,0.095,0.519,0.124
47,0.0,0.0,1,11.100765626555585,2.368338173302629,0,4,4,"0871022d:27,8ccd70f8:1,7a258283:1",0.914,0.177,0.16,0.212,0.931,0.081,0.785,0.094,0.512,0.122
48,0.0,0.0,1,9.749826654140524,2.3762328511879307,0,4,4,"0871022d:27,8ccd70f8:1,7a258283:1",0.928,0.165,0.157,0.206,0.923,0.078,0.786,0.094,0.534,0.12
49,0.0,0.0,1,10.03579667182142,2.3593679018732696,0,4,4,"0871022d:27,8ccd70f8:1,7a258283:1",0.925,0.169,0.145,0.202,0.939,0.075,0.791,0.097,0.524,0.123
50,0.0,0.0,1,10.394122309398014,2.2059285127073385,0,3,3,"0871022d:28,7a258283:1,4897db4e:1",0.921,0.174,0.145,0.198,0.947,0.068,0.791,0.104,0.525,0.132
51,0.0,0.0,1,10.81404340845994,2.201413267416259,0,3,3,"0871022d:28,7a258283:1,4897db4e:1",0.917,0.181,0.147,0.196,0.935,0.071,0.791,0.1,0.546,0.124
52,0.0,0.0,1,11.02660983703445,2.19881195700096,0,3,3,"0871022d:28,7a258283:1,4897db4e:1",0.915,0.184,0.15,0.195,0.921,0.072,0.797,0.101,0.565,0.134
53,0.0,0.0,1,11.061165636875831,2.354386296815313,0,3,3,"0871022d:28,7a258283:1,4897db4e:1",0.914,0.186,0.142,0.191,0.911,0.073,0.8,0.099,0.578,0.138
54,0.0,0.0,1,11.490745625405477,2.198094466948578,0,3,3,"0871022d:28,7a258283:1,4897db4e:1",0.91,0.187,0.153,0.196,0.898,0.073,0.803,0.102,0.59,0.138
55,0.0,0.0,1,9.628783060667537,2.3789910302099306,0,3,3,"0871022d:28,7a258283:1,4897db4e:1",0.929,0.153,0.12,0.186,0.927,0.078,0.803,0.1,0.574,0.134
56,0.0,0.0,1,9.561877138559396,2.249378782657463,0,3,3,"0871022d:28,7a258283:1,4897db4e:1",0.929,0.152,0.1,0.17,0.941,0.072,0.802,0.101,0.576,0.13
57,0.0,0.0,1,9.193285892975073,2.351771661123539,0,3,3,"0871022d:28,7a258283:1,4897db4e:1",0.933,0.159,0.094,0.176,0.953,0.069,0.8,0.1,0.567,0.141
58,0.0,0.0,1,9.68298315932803,2.230073050051774,0,3,3,"0871022d:28,7a258283:1,4897db4e:1",0.928,0.166,0.095,0.181,0.958,0.063,0.799,0.104,0.564,0.144
59,0.0,0.0,1,10.121757989982719,2.23675969213644,0,3,3,"0871022d:28,7a258283:1,4897db4e:1",0.924,0.174,0.115,0.185,0.943,0.067,0.793,0.101,0.56,0.138
60,0.0,0.0,1,10.389356747570552,2.360006713569967,0,3,3,"0871022d:28,7a258283:1,4897db4e:1",0.921,0.18,0.131,0.196,0.937,0.075,0.789,0.098,0.559,0.12
61,0.0,0.0,1,11.004292281726944,2.2467689772849195,0,3,3,"0871022d:28,7a258283:1,4897db4e:1",0.915,0.18,0.142,0.2,0.933,0.075,0.785,0.099,0.549,0.122
62,0.0,0.0,1,9.140920359327689,2.2442967324561107,0,3,3,"0871022d:28,7a258283:1,4897db4e:1",0.934,0.143,0.143,0.198,0.93,0.073,0.784,0.099,0.548,0.122
63,0.0,0.0,1,8.000708774550574,2.238454504890524,0,3,3,"0871022d:28,7a258283:1,4897db4e:1",0.945,0.143,0.116,0.192,0.951,0.067,0.792,0.109,0.554,0.14
64,0.0,0.0,1,8.659613971678745,2.389563934220665,0,3,3,"0871022d:28,7a258283:1,4897db4e:1",0.938,0.156,0.113,0.195,0.956,0.063,0.791,0.105,0.562,0.147
65,0.0,0.0,1,9.135914421143232,2.232913419139838,0,3,3,"0871022d:28,7a258283:1,4897db4e:1",0.934,0.166,0.11,0.196,0.966,0.061,0.792,0.1,0.553,0.14
66,0.0,0.0,1,9.738573133137034,2.351825292667511,0,3,3,"0871022d:27,4897db4e:2,7a258283:1",0.928,0.175,0.124,0.199,0.956,0.068,0.795,0.096,0.561,0.144
67,0.0,0.0,1,10.25656519197833,2.239035953323756,0,3,3,"0871022d:27,4897db4e:2,7a258283:1",0.922,0.181,0.124,0.2,0.966,0.063,0.79,0.094,0.538,0.136
68,0.0,0.0,1,9.931791859860459,2.2341972136584345,0,3,3,"0871022d:26,4897db4e:3,7a258283:1",0.926,0.178,0.11,0.184,0.969,0.061,0.79,0.092,0.533,0.141
69,0.0,0.0,1,10.55165078856793,2.383938660059527,0,3,3,"0871022d:26,4897db4e:3,7a258283:1",0.919,0.181,0.104,0.178,0.973,0.055,0.79,0.092,0.528,0.136
70,0.0,0.0,1,11.095020956400818,2.2481087172783374,0,3,3,"0871022d:25,4897db4e:4,7a258283:1",0.914,0.18,0.116,0.186,0.966,0.064,0.792,0.084,0.528,0.122
71,0.0,0.0,1,10.931734297977142,2.3654279966192195,0,3,3,"0871022d:25,4897db4e:4,7a258283:1",0.916,0.18,0.119,0.192,0.964,0.065,0.792,0.084,0.52,0.12
72,0.0,0.0,1,11.492150794237293,2.367918404566501,0,3,3,"0871022d:24,4897db4e:5,7a258283:1",0.91,0.183,0.127,0.197,0.949,0.069,0.793,0.084,0.542,0.12
73,0.0,0.0,1,11.451178811713028,2.3541362278370626,0,3,3,"0871022d:23,4897db4e:6,7a258283:1",0.91,0.185,0.137,0.197,0.945,0.066,0.793,0.087,0.546,0.125
74,0.0,0.0,1,11.501481904236476,2.4133162395127177,0,3,3,"0871022d:23,4897db4e:6,7a258283:1",0.91,0.185,0.142,0.202,0.949,0.071,0.79,0.089,0.559,0.135
75,0.0,0.0,1,10.081052562770186,2.2485539773857184,0,3,3,"0871022d:24,4897db4e:5,7a258283:1",0.924,0.17,0.127,0.192,0.946,0.071,0.791,0.09,0.556,0.142
76,0.0,0.0,1,10.59349621247804,2.249786130468678,0,3,3,"0871022d:23,4897db4e:6,7a258283:1",0.919,0.178,0.146,0.193,0.932,0.073,0.786,0.088,0.562,0.144
77,0.0,0.0,1,10.877202222421701,2.252643422441609,0,3,3,"0871022d:23,4897db4e:6,7a258283:1",0.916,0.178,0.148,0.191,0.933,0.074,0.782,0.085,0.549,0.125
78,0.0,0.0,1,11.198815971861263,2.367994325037248,0,3,3,"0871022d:23,4897db4e:6,7a258283:1",0.913,0.182,0.161,0.192,0.919,0.075,0.779,0.086,0.557,0.126
79,0.0,0.0,1,11.03483595711655,2.3301117624103354,0,3,3,"0871022d:24,4897db4e:5,7a258283:1",0.915,0.177,0.168,0.191,0.908,0.078,0.775,0.084,0.551,0.126
80,0.0,0.0,1,10.47132437931887,2.248688563270229,0,3,3,"0871022d:23,4897db4e:6,7a258283:1",0.92,0.176,0.151,0.19,0.907,0.084,0.782,0.089,0.558,0.133
81,0.0,0.0,1,10.162742154781874,2.2759637776813664,0,3,3,"0871022d:23,4897db4e:6,7a258283:1",0.923,0.178,0.15,0.199,0.918,0.083,0.778,0.087,0.548,0.137
82,0.0,0.0,1,10.643232257957115,2.254826512546936,0,3,3,"0871022d:23,4897db4e:6,7a258283:1",0.919,0.177,0.135,0.192,0.934,0.072,0.78,0.091,0.542,0.141
83,0.0,0.0,1,10.897144932680243,2.3530871481638753,0,3,3,"0871022d:23,4897db4e:6,7a258283:1",0.916,0.177,0.139,0.198,0.925,0.078,0.781,0.085,0.553,0.142
84,0.0,0.0,1,11.099652035597265,2.2511903933537356,0,3,3,"0871022d:22,4897db4e:7,7a258283:1",0.914,0.174,0.155,0.205,0.92,0.079,0.772,0.084,0.535,0.149
85,0.0,0.0,1,10.598114075094827,2.2545492143573997,0,3,3,"0871022d:22,4897db4e:7,7a258283:1",0.919,0.172,0.127,0.197,0.947,0.069,0.775,0.083,0.531,0.144
86,0.0,0.0,1,10.427624580418184,2.387607579101276,0,3,3,"0871022d:22,4897db4e:7,7a258283:1",0.921,0.17,0.122,0.191,0.958,0.065,0.778,0.084,0.534,0.147
87,0.0,0.0,1,10.31553780266633,2.37530116628003,0,3,3,"0871022d:22,4897db4e:7,7a258283:1",0.922,0.177,0.127,0.197,0.956,0.069,0.781,0.082,0.539,0.154
88,0.0,0.0,1,8.369908581150153,2.4123892155060753,0,3,3,"0871022d:22,4897db4e:7,7a258283:1",0.941,0.147,0.112,0.181,0.962,0.065,0.782,0.082,0.544,0.15
89,0.0,0.0,1,7.054259695322297,2.438046989408688,0,3,3,"0871022d:21,4897db4e:8,7a258283:1",0.954,0.118,0.12,0.178,0.953,0.063,0.779,0.08,0.545,0.137
90,0.0,0.0,1,8.092522110070393,2.3979186522776494,0,3,3,"0871022d:21,4897db4e:8,7a258283:1",0.944,0.145,0.132,0.188,0.945,0.062,0.784,0.084,0.561,0.123
91,0.0,0.0,1,8.798516726304886,2.4290859218887983,0,3,3,"0871022d:22,4897db4e:7,7a258283:1",0.937,0.161,0.134,0.193,0.942,0.072,0.787,0.084,0.566,0.11
92,0.0,0.0,1,9.246457658819214,2.4137745333045486,0,3,3,"0871022d:22,4897db4e:7,7a258283:1",0.933,0.172,0.151,0.196,0.933,0.07,0.788,0.083,0.571,0.106
93,0.0,0.0,1,9.830970895580501,2.368018846778778,0,3,3,"0871022d:21,4897db4e:8,7a258283:1",0.927,0.173,0.143,0.195,0.932,0.08,0.787,0.081,0.563,0.112
94,0.0,0.0,1,9.560801460709724,2.264534801152146,0,3,3,"0871022d:22,4897db4e:7,7a258283:1",0.929,0.175,0.145,0.196,0.927,0.079,0.785,0.079,0.568,0.098
95,0.0,0.0,1,10.417782270959203,2.2681119457282066,0,3,3,"0871022d:22,4897db4e:7,7a258283:1",0.921,0.184,0.166,0.203,0.916,0.08,0.778,0.076,0.569,0.093
96,0.0,0.0,1,11.071564490040073,2.4119613575411396,0,3,3,"0871022d:22,4897db4e:7,7a258283:1",0.914,0.187,0.166,0.19,0.903,0.078,0.784,0.078,0.583,0.094
97,0.0,0.0,1,11.271753063558858,2.348316004488282,0,3,3,"0871022d:22,4897db4e:7,7a258283:1",0.912,0.193,0.17,0.2,0.891,0.078,0.786,0.082,0.593,0.11
98,0.0,0.0,1,11.484188550875519,2.2484384849212256,0,3,3,"0871022d:22,4897db4e:7,7a258283:1",0.91,0.187,0.139,0.192,0.916,0.074,0.79,0.084,0.58,0.106
99,0.0,0.0,1,11.640680881724917,2.44643743964888,0,3,3,"0871022d:22,4897db4e:7,7a258283:1",0.909,0.188,0.144,0.191,0.92,0.076,0.791,0.079,0.578,0.102
100,0.0,0.0,1,10.592124840962407,2.416538400494197,0,3,3,"0871022d:22,4897db4e:7,7a258283:1",0.919,0.173,0.152,0.191,0.915,0.073,0.785,0.077,0.589,0.105
1,0.0,0.0,1,86.58639264910424,1.2213387786922363,0,6,6,"8ccd70f8:8,47ed045c:6,4897db4e:6",0.159,0.158,0.472,0.075,0.546,0.032,0.518,0.023,0.291,0.079
1,0.0,0.0,1,85.5472568048864,0.7531498159287948,0,6,6,"0871022d:8,288fc9cf:7,4897db4e:6",0.17,0.157,0.459,0.069,0.55,0.032,0.505,0.016,0.257,0.075
1,0.0,0.0,1,86.45678826610408,1.024778333485545,0,6,6,"0871022d:10,288fc9cf:7,7a258283:5",0.16,0.158,0.457,0.074,0.548,0.033,0.509,0.019,0.265,0.076
2,0.0,0.0,1,73.64435269545099,1.3196067403385576,0,6,6,"0871022d:11,288fc9cf:6,7a258283:5",0.289,0.14,0.413,0.084,0.588,0.032,0.51,0.022,0.255,0.085
3,0.0,0.0,1,63.91513047070274,1.2055932617276262,0,6,6,"0871022d:12,288fc9cf:6,7a258283:5",0.386,0.127,0.415,0.086,0.584,0.036,0.511,0.023,0.283,0.086
4,0.0,0.0,1,54.41692274837516,1.277384949654388,0,6,6,"0871022d:13,7a258283:5,288fc9cf:5",0.481,0.118,0.401,0.096,0.579,0.038,0.523,0.033,0.297,0.086
5,0.0,0.0,1,44.59786912844274,1.3632273580737653,0,6,6,"0871022d:14,7a258283:5,288fc9cf:5",0.579,0.117,0.359,0.105,0.617,0.036,0.525,0.032,0.287,0.081
6,0.0,0.0,1,35.43408818638489,1.4561062147841568,0,6,6,"0871022d:15,288fc9cf:5,7a258283:4",0.671,0.125,0.302,0.125,0.661,0.033,0.546,0.042,0.315,0.086
7,0.0,0.0,1,26.82447478500334,1.5468394563639087,0,6,6,"0871022d:16,7a258283:4,288fc9cf:4",0.757,0.143,0.264,0.133,0.712,0.052,0.563,0.04,0.325,0.099
8,0.0,0.0,1,19.243848493140963,1.6063807314024205,0,6,6,"0871022d:16,7a258283:4,288fc9cf:4",0.833,0.156,0.233,0.145,0.741,0.062,0.564,0.046,0.311,0.094
9,0.0,0.0,1,13.980506592254809,1.7617637649388271,0,6,6,"0871022d:17,288fc9cf:4,7a258283:3",0.885,0.16,0.196,0.157,0.77,0.074,0.569,0.055,0.309,0.105
10,0.0,0.0,1,11.027601223350416,1.9210365822272397,0,6,6,"0871022d:17,288fc9cf:4,7a258283:3",0.915,0.165,0.164,0.165,0.798,0.093,0.575,0.062,0.309,0.111
11,0.0,0.0,1,10.597823049245235,1.7583768365885235,0,6,6,"0871022d:18,288fc9cf:4,8ccd70f8:3",0.919,0.171,0.167,0.162,0.784,0.106,0.581,0.06,0.33,0.116
12,0.0,0.0,1,10.51695985638487,1.8130270662900334,0,6,6,"0871022d:19,288fc9cf:4,8ccd70f8:3",0.92,0.171,0.179,0.167,0.768,0.115,0.58,0.061,0.337,0.116
13,0.0,0.0,1,10.651561906494521,1.9619032383019914,0,5,5,"0871022d:20,288fc9cf:4,8ccd70f8:3",0.918,0.173,0.15,0.175,0.794,0.121,0.585,0.07,0.355,0.113
14,0.0,0.0,1,10.529683065413824,1.8746581874396078,0,5,5,"0871022d:20,288fc9cf:4,8ccd70f8:3",0.92,0.169,0.122,0.174,0.823,0.128,0.592,0.072,0.353,0.114
15,0.0,0.0,1,10.53476161283694,1.9144742613823,0,5,5,"0871022d:21,288fc9cf:3,8ccd70f8:3",0.92,0.169,0.11,0.171,0.844,0.134,0.592,0.071,0.342,0.114
16,0.0,0.0,1,10.815412199773982,2.080080060804679,0,5,5,"0871022d:21,288fc9cf:3,8ccd70f8:3",0.917,0.175,0.133,0.181,0.821,0.141,0.589,0.07,0.353,0.125
17,0.0,0.0,1,10.767006642514897,1.9436590126504847,0,5,5,"0871022d:22,288fc9cf:3,7a258283:2",0.917,0.173,0.121,0.18,0.838,0.142,0.591,0.076,0.367,0.125
18,0.0,0.0,1,10.838151495205594,1.988019962302258,0,5,5,"0871022d:23,288fc9cf:3,8ccd70f8:2",0.917,0.177,0.14,0.186,0.817,0.15,0.592,0.078,0.376,0.13
19,0.0,0.0,1,11.116758040934037,2.1281797549895836,0,5,5,"0871022d:24,288fc9cf:3,8ccd70f8:1",0.914,0.181,0.154,0.19,0.798,0.156,0.592,0.076,0.393,0.127
20,0.0,0.0,1,11.445614285890166,2.1597656260875864,0,4,4,"0871022d:25,288fc9cf:3,8ccd70f8:1",0.911,0.182,0.165,0.194,0.777,0.158,0.595,0.079,0.422,0.13
21,0.0,0.0,1,11.351448900353791,2.0256863384114663,0,4,4,"0871022d:25,288fc9cf:3,8ccd70f8:1",0.911,0.178,0.134,0.194,0.802,0.164,0.603,0.081,0.417,0.128
22,0.0,0.0,1,11.323022473152326,2.180725969876954,0,4,4,"0871022d:25,288fc9cf:3,8ccd70f8:1",0.912,0.179,0.154,0.201,0.78,0.165,0.6,0.085,0.422,0.118
23,0.0,0.0,1,11.161848480549958,2.0451975040205674,0,4,4,"0871022d:25,288fc9cf:3,8ccd70f8:1",0.913,0.177,0.144,0.199,0.801,0.161,0.593,0.084,0.403,0.128
24,0.0,0.0,1,10.790281675525351,2.085438353624268,0,4,4,"0871022d:26,288fc9cf:2,8ccd70f8:1",0.917,0.172,0.125,0.183,0.819,0.154,0.596,0.079,0.412,0.135
25,0.0,0.0,1,10.863192881112147,2.263781019634113,0,4,4,"0871022d:27,8ccd70f8:1,7a258283:1",0.916,0.174,0.117,0.186,0.831,0.147,0.604,0.078,0.406,0.133
26,0.0,0.0,1,10.589775316120747,2.054935669193239,0,3,3,"0871022d:28,8ccd70f8:1,7a258283:1",0.919,0.169,0.113,0.186,0.84,0.136,0.607,0.078,0.393,0.131
27,0.0,0.0,1,10.826771758226089,2.177730468663924,0,3,3,"0871022d:28,8ccd70f8:1,7a258283:1",0.917,0.171,0.113,0.191,0.85,0.135,0.603,0.078,0.381,0.138
28,0.0,0.0,1,10.565156395663418,2.195462120030903,0,3,3,"0871022d:28,8ccd70f8:1,7a258283:1",0.919,0.168,0.115,0.192,0.861,0.144,0.6,0.076,0.374,0.134
29,0.0,0.0,1,10.427041869244286,2.0574224840416644,0,3,3,"0871022d:28,8ccd70f8:1,7a258283:1",0.921,0.173,0.13,0.2,0.861,0.149,0.61,0.081,0.38,0.128
30,0.0,0.0,1,10.470053559582402,2.0544674895817376,0,3,3,"0871022d:28,8ccd70f8:1,7a258283:1",0.92,0.18,0.137,0.194,0.842,0.159,0.613,0.078,0.393,0.109
31,0.0,0.0,1,10.871731158988801,2.111471403994927,0,3,3,"0871022d:28,8ccd70f8:1,7a258283:1",0.916,0.178,0.124,0.195,0.86,0.157,0.616,0.087,0.387,0.117
32,0.0,0.0,1,11.429106319899008,2.2298840623344978,0,3,3,"0871022d:28,8ccd70f8:1,7a258283:1",0.911,0.181,0.142,0.197,0.841,0.166,0.615,0.088,0.401,0.117
33,0.0,0.0,1,11.201502493389537,2.2170829193005486,0,3,3,"0871022d:28,8ccd70f8:1,7a258283:1",0.913,0.177,0.128,0.189,0.852,0.157,0.622,0.09,0.401,0.117
34,0.0,0.0,1,9.120620323397272,2.0437741923596984,0,3,3,"0871022d:28,8ccd70f8:1,7a258283:1",0.934,0.152,0.121,0.189,0.867,0.152,0.625,0.092,0.407,0.123
35,0.0,0.0,1,9.710296540947823,2.0752586654148146,0,3,3,"0871022d:28,8ccd70f8:1,7a258283:1",0.928,0.166,0.14,0.192,0.844,0.16,0.623,0.092,0.408,0.123
36,0.0,0.0,1,9.868525920463908,2.144056587485131,0,3,3,"0871022d:28,8ccd70f8:1,7a258283:1",0.926,0.163,0.132,0.196,0.854,0.158,0.622,0.093,0.407,0.125
37,0.0,0.0,1,9.91913500316461,2.1321714281002686,0,3,3,"0871022d:28,8ccd70f8:1,7a258283:1",0.926,0.165,0.119,0.193,0.867,0.149,0.627,0.088,0.39,0.117
38,0.0,0.0,1,10.31685198782882,2.1448881193200284,0,3,3,"0871022d:28,8ccd70f8:1,7a258283:1",0.922,0.172,0.114,0.189,0.878,0.146,0.625,0.086,0.37,0.107
39,0.0,0.0,1,10.895080598918815,2.0746147069290184,0,3,3,"0871022d:28,8ccd70f8:1,7a258283:1",0.916,0.179,0.133,0.198,0.864,0.153,0.623,0.087,0.373,0.111
40,0.0,0.0,1,9.877428329901335,2.1698316891594556,0,3,3,"0871022d:28,8ccd70f8:1,7a258283:1",0.926,0.169,0.117,0.19,0.884,0.139,0.63,0.087,0.368,0.114
41,0.0,0.0,1,9.991595747576577,2.0656833153323637,0,3,3,"0871022d:28,8ccd70f8:1,7a258283:1",0.925,0.177,0.101,0.179,0.89,0.144,0.632,0.085,0.371,0.11
42,0.0,0.0,1,10.277382120806898,2.1783268744073645,0,3,3,"0871022d:28,8ccd70f8:1,7a258283:1",0.922,0.176,0.101,0.184,0.895,0.149,0.636,0.09,0.363,0.113
43,0.0,0.0,1,8.691101307039615,2.070134789998614,0,3,3,"0871022d:28,8ccd70f8:1,7a258283:1",0.938,0.141,0.09,0.175,0.91,0.134,0.638,0.088,0.354,0.121
44,0.0,0.0,1,9.33295626285561,2.0563336438870015,0,3,3,"0871022d:28,8ccd70f8:1,7a258283:1",0.932,0.154,0.087,0.175,0.907,0.138,0.642,0.094,0.36,0.127
45,0.0,0.0,1,9.414855882789652,2.152428912605457,0,2,2,"0871022d:29,8ccd70f8:1",0.931,0.156,0.091,0.175,0.904,0.133,0.639,0.096,0.347,0.132
46,0.0,0.0,1,9.619996936837762,2.0348955378862605,0,2,2,"0871022d:29,8ccd70f8:1",0.929,0.168,0.103,0.189,0.885,0.14,0.645,0.102,0.362,0.119
47,0.0,0.0,1,8.224773356359357,2.0415981539664525,0,2,2,"0871022d:29,8ccd70f8:1",0.943,0.151,0.098,0.186,0.891,0.137,0.65,0.097,0.37,0.124
48,0.0,0.0,1,9.274042229397459,2.127457728282431,0,2,2,"0871022d:29,8ccd70f8:1",0.932,0.168,0.118,0.197,0.867,0.15,0.648,0.105,0.374,0.131
49,0.0,0.0,1,10.065428061047724,2.0469683467650746,0,2,2,"0871022d:29,8ccd70f8:1",0.924,0.179,0.13,0.207,0.86,0.16,0.641,0.106,0.379,0.135
50,0.0,0.0,1,10.525622082398755,2.046661231771242,0,2,2,"0871022d:29,8ccd70f8:1",0.92,0.181,0.153,0.212,0.837,0.167,0.624,0.093,0.374,0.119
51,0.0,0.0,1,9.095835393871418,2.1677743577909547,0,2,2,"0871022d:29,8ccd70f8:1",0.934,0.156,0.152,0.211,0.834,0.167,0.626,0.092,0.385,0.123
52,0.0,0.0,1,9.97166571509052,2.047778106449036,0,2,2,"0871022d:29,8ccd70f8:1",0.925,0.169,0.148,0.216,0.84,0.171,0.628,0.094,0.388,0.118
53,0.0,0.0,1,10.24322274621033,2.1395530545051957,0,2,2,"0871022d:29,8ccd70f8:1",0.923,0.173,0.151,0.216,0.839,0.175,0.635,0.096,0.385,0.12
54,0.0,0.0,1,10.641107179548525,2.074271103179426,0,2,2,"0871022d:29,8ccd70f8:1",0.919,0.176,0.136,0.207,0.85,0.17,0.642,0.088,0.387,0.125
55,0.0,0.0,1,10.849021636406103,2.2030806459928214,0,2,2,"0871022d:29,8ccd70f8:1",0.917,0.179,0.141,0.198,0.83,0.172,0.648,0.082,0.399,0.113
56,0.0,0.0,1,9.68348056862033,2.1913250545003993,0,2,2,"0871022d:29,8ccd70f8:1",0.928,0.169,0.157,0.2,0.821,0.172,0.643,0.082,0.405,0.118
57,0.0,0.0,1,10.265997714863653,2.1693277706231386,0,2,2,"0871022d:29,8ccd70f8:1",0.922,0.177,0.165,0.205,0.814,0.174,0.64,0.091,0.407,0.126
58,0.0,0.0,1,10.928932661098612,2.052006870713132,0,2,2,"0871022d:29,8ccd70f8:1",0.916,0.184,0.166,0.204,0.805,0.178,0.647,0.094,0.416,0.125
59,0.0,0.0,1,11.412408609815225,2.0527563709813332,0,2,2,"0871022d:29,8ccd70f8:1",0.911,0.185,0.169,0.206,0.798,0.184,0.653,0.1,0.423,0.118
60,0.0,0.0,1,11.618619498286755,2.0541543562434272,0,2,2,"0871022d:29,8ccd70f8:1",0.909,0.182,0.167,0.199,0.797,0.181,0.649,0.099,0.427,0.119
61,0.0,0.0,1,11.881455538431831,2.2119679122822924,0,2,2,"0871022d:29,8ccd70f8:1",0.906,0.185,0.184,0.206,0.775,0.181,0.646,0.105,0.442,0.123
62,0.0,0.0,1,11.014556718721746,2.1649413259994756,0,2,2,"0871022d:29,8ccd70f8:1",0.915,0.185,0.18,0.197,0.77,0.177,0.654,0.109,0.451,0.123
63,0.0,0.0,1,11.188984891225443,2.181508182026585,0,2,2,"0871022d:29,8ccd70f8:1",0.913,0.186,0.16,0.189,0.786,0.171,0.647,0.098,0.435,0.116
64,0.0,0.0,1,10.142003201727153,2.244359661532195,0,2,2,"0871022d:29,8ccd70f8:1",0.924,0.177,0.136,0.177,0.797,0.169,0.659,0.098,0.441,0.104
65,0.0,0.0,1,9.326893198246635,2.172822389483397,0,2,2,"0871022d:29,8ccd70f8:1",0.932,0.167,0.126,0.166,0.803,0.168,0.66,0.093,0.444,0.093
66,0.0,0.0,1,9.844860232601684,2.1377262887382225,0,2,2,"0871022d:29,8ccd70f8:1",0.927,0.179,0.138,0.173,0.795,0.168,0.657,0.095,0.448,0.095
67,0.0,0.0,1,10.415303464092368,2.052152695927374,0,2,2,"0871022d:29,8ccd70f8:1",0.921,0.182,0.157,0.184,0.777,0.171,0.65,0.1,0.451,0.104
68,0.0,0.0,1,11.113436332247192,2.0466530564080956,0,2,2,"0871022d:29,8ccd70f8:1",0.914,0.184,0.163,0.198,0.761,0.176,0.663,0.116,0.466,0.125
69,0.0,0.0,1,10.974428937427652,2.245306653473376,0,2,2,"0871022d:29,8ccd70f8:1",0.915,0.186,0.166,0.203,0.755,0.175,0.665,0.116,0.473,0.133
70,0.0,0.0,1,11.460749138160828,2.046835352367795,0,2,2,"0871022d:29,8ccd70f8:1",0.91,0.188,0.173,0.198,0.746,0.175,0.662,0.112,0.479,0.128
71,0.0,0.0,1,11.832841007607968,2.067773375395296,0,2,2,"0871022d:29,8ccd70f8:1",0.907,0.183,0.171,0.213,0.747,0.188,0.663,0.115,0.48,0.136
72,0.0,0.0,1,12.09681270239626,2.2150350641110306,0,2,2,"0871022d:29,8ccd70f8:1",0.904,0.184,0.188,0.213,0.726,0.184,0.656,0.115,0.478,0.146
73,0.0,0.0,1,10.217430517044562,2.0430823105858686,0,2,2,"0871022d:29,8ccd70f8:1",0.923,0.17,0.159,0.203,0.751,0.183,0.66,0.107,0.466,0.137
74,0.0,0.0,1,10.399559854147288,2.0516422109319707,0,2,2,"0871022d:29,8ccd70f8:1",0.921,0.172,0.174,0.211,0.751,0.188,0.654,0.109,0.466,0.149
75,0.0,0.0,1,10.19026784039037,2.0684452192654175,0,2,2,"0871022d:29,8ccd70f8:1",0.923,0.176,0.148,0.204,0.777,0.174,0.658,0.107,0.45,0.15
76,0.0,0.0,1,9.901870348743707,2.1873116822333083,0,2,2,"0871022d:29,8ccd70f8:1",0.926,0.175,0.144,0.206,0.791,0.17,0.66,0.112,0.451,0.145
77,0.0,0.0,1,10.382767833659642,2.072836660421772,0,2,2,"0871022d:29,8ccd70f8:1",0.921,0.177,0.114,0.185,0.821,0.159,0.666,0.106,0.445,0.123
78,0.0,0.0,1,9.278089257440222,2.088151817799817,0,2,2,"0871022d:29,8ccd70f8:1",0.932,0.161,0.123,0.185,0.814,0.157,0.666,0.103,0.45,0.122
79,0.0,0.0,1,9.908842399971574,2.1937794054282684,0,2,2,"0871022d:29,8ccd70f8:1",0.926,0.167,0.14,0.194,0.793,0.161,0.659,0.104,0.443,0.118
80,0.0,0.0,1,10.410042249707647,2.0672254027458004,0,2,2,"0871022d:29,8ccd70f8:1",0.921,0.176,0.157,0.2,0.772,0.162,0.656,0.105,0.462,0.119
81,0.0,0.0,1,10.413208236622559,2.0675495871071834,0,2,2,"0871022d:29,8ccd70f8:1",0.921,0.17,0.14,0.191,0.788,0.158,0.656,0.104,0.452,0.119
82,0.0,0.0,1,10.465688522493236,2.2160500423564655,0,2,2,"0871022d:29,8ccd70f8:1",0.92,0.172,0.143,0.192,0.794,0.161,0.655,0.108,0.449,0.122
83,0.0,0.0,1,8.52480412909218,2.057162223279606,0,2,2,"0871022d:29,8ccd70f8:1",0.94,0.135,0.119,0.181,0.815,0.15,0.658,0.108,0.452,0.114
84,0.0,0.0,1,8.945341090129782,2.068472540955208,0,2,2,"0871022d:29,8ccd70f8:1",0.936,0.152,0.122,0.187,0.802,0.156,0.667,0.109,0.471,0.12
85,0.0,0.0,1,8.978407001814587,2.0619016837208597,0,2,2,"0871022d:29,8ccd70f8:1",0.935,0.157,0.114,0.197,0.818,0.158,0.666,0.108,0.453,0.124
86,0.0,0.0,1,9.674969883635681,2.0714999331261312,0,2,2,"0871022d:29,8ccd70f8:1",0.928,0.164,0.128,0.199,0.815,0.161,0.655,0.109,0.434,0.127
87,0.0,0.0,1,10.109787630210153,2.0742111199163795,0,2,2,"0871022d:29,8ccd70f8:1",0.924,0.172,0.147,0.208,0.805,0.169,0.653,0.111,0.441,0.124
88,0.0,0.0,1,8.139292164972902,2.0657476395044516,0,2,2,"0871022d:29,8ccd70f8:1",0.944,0.137,0.124,0.205,0.83,0.161,0.661,0.117,0.438,0.119
89,0.0,0.0,1,8.850974912265277,2.0681559568511223,0,2,2,"0871022d:29,8ccd70f8:1",0.936,0.152,0.135,0.202,0.809,0.167,0.662,0.113,0.438,0.107
90,0.0,0.0,1,9.67480818576758,2.070035588910109,0,2,2,"0871022d:29,8ccd70f8:1",0.928,0.167,0.145,0.199,0.795,0.173,0.661,0.11,0.438,0.103
91,0.0,0.0,1,10.133108786153691,2.1909087568307695,0,2,2,"0871022d:29,8ccd70f8:1",0.924,0.175,0.158,0.2,0.782,0.179,0.656,0.107,0.445,0.105
92,0.0,0.0,1,10.614739042312461,2.1999207631284095,0,2,2,"0871022d:29,8ccd70f8:1",0.919,0.18,0.158,0.192,0.775,0.178,0.66,0.104,0.465,0.099
93,0.0,0.0,1,11.22612760669091,2.0785907629145948,0,2,2,"0871022d:29,8ccd70f8:1",0.913,0.185,0.152,0.206,0.781,0.185,0.667,0.114,0.467,0.106
94,0.0,0.0,1,11.38710297256471,2.2237656926806677,0,2,2,"0871022d:29,8ccd70f8:1",0.911,0.183,0.141,0.196,0.788,0.175,0.661,0.107,0.459,0.114
95,0.0,0.0,1,11.64173729258547,2.063863946916797,0,2,2,"0871022d:29,8ccd70f8:1",0.909,0.183,0.137,0.191,0.779,0.177,0.664,0.103,0.463,0.111
96,0.0,0.0,1,10.008793006551993,2.1644952512164966,0,2,2,"0871022d:29,8ccd70f8:1",0.925,0.164,0.146,0.195,0.773,0.173,0.663,0.106,0.477,0.107
97,0.0,0.0,1,10.221075034933751,2.2808475222088784,0,2,2,"0871022d:29,8ccd70f8:1",0.923,0.171,0.145,0.193,0.775,0.177,0.662,0.101,0.474,0.106
98,0.0,0.0,1,10.34379675370375,2.1829930521486367,0,2,2,"0871022d:29,8ccd70f8:1",0.922,0.169,0.145,0.189,0.767,0.182,0.664,0.102,0.477,0.107
99,0.0,0.0,1,10.557235654794628,2.1828573209334463,0,2,2,"0871022d:29,8ccd70f8:1",0.919,0.175,0.145,0.192,0.774,0.176,0.654,0.085,0.47,0.099
100,0.0,0.0,1,10.958802363457973,2.247521324395745,0,2,2,"0871022d:29,8ccd70f8:1",0.915,0.183,0.168,0.197,0.756,0.171,0.648,0.086,0.476,0.111
101,0.0,0.0,1,11.34200928088099,2.09848005035499,0,2,2,"0871022d:29,8ccd70f8:1",0.912,0.183,0.171,0.196,0.75,0.17,0.648,0.084,0.467,0.112
102,0.0,0.0,1,10.686910118101991,2.092522365692041,0,2,2,"0871022d:29,8ccd70f8:1",0.918,0.179,0.157,0.196,0.756,0.176,0.652,0.082,0.485,0.118
103,0.0,0.0,1,11.431228436375251,2.1642001658451147,0,2,2,"0871022d:29,8ccd70f8:1",0.911,0.186,0.169,0.199,0.741,0.18,0.644,0.079,0.478,0.101
104,0.0,0.0,1,9.823795671823353,2.0773320590334734,0,2,2,"0871022d:29,8ccd70f8:1",0.927,0.165,0.152,0.194,0.754,0.184,0.648,0.083,0.482,0.113
105,0.0,0.0,1,10.493497890711263,2.0798111438284472,0,2,2,"0871022d:29,8ccd70f8:1",0.92,0.175,0.154,0.187,0.749,0.18,0.648,0.083,0.5,0.124
106,0.0,0.0,1,10.892865515713039,2.296832452940413,0,2,2,"0871022d:29,8ccd70f8:1",0.916,0.178,0.141,0.189,0.767,0.185,0.648,0.083,0.485,0.124
107,0.0,0.0,1,10.624948064600732,2.20869962560705,0,2,2,"0871022d:29,8ccd70f8:1",0.919,0.179,0.126,0.179,0.785,0.174,0.651,0.08,0.473,0.123
108,0.0,0.0,1,11.061901827159769,2.072776753380432,0,1,1,0871022d:30,0.914,0.184,0.133,0.185,0.764,0.172,0.653,0.086,0.479,0.126
109,0.0,0.0,1,10.033909125064573,2.0793605290540977,0,1,1,0871022d:30,0.925,0.173,0.143,0.188,0.758,0.171,0.65,0.086,0.475,0.124
110,0.0,0.0,1,10.622000849430828,2.1440497972379515,0,1,1,0871022d:30,0.919,0.179,0.151,0.195,0.747,0.173,0.649,0.09,0.493,0.129
111,0.0,0.0,1,11.060818793750625,2.0971415477108732,0,1,1,0871022d:30,0.914,0.185,0.15,0.191,0.739,0.168,0.646,0.085,0.495,0.125
112,0.0,0.0,1,11.342363561280097,2.087062012388134,0,1,1,0871022d:30,0.912,0.188,0.15,0.196,0.742,0.164,0.653,0.095,0.502,0.133
113,0.0,0.0,1,11.84185082080521,2.0761562757175716,0,1,1,0871022d:30,0.907,0.187,0.165,0.197,0.722,0.16,0.646,0.095,0.509,0.144
114,0.0,0.0,1,11.896081057962531,2.217630834145332,0,1,1,0871022d:30,0.906,0.181,0.162,0.198,0.732,0.163,0.639,0.097,0.482,0.148
115,0.0,0.0,1,9.894133525859699,2.216206351787322,0,1,1,0871022d:30,0.926,0.149,0.165,0.198,0.729,0.163,0.643,0.102,0.494,0.156
116,0.0,0.0,1,9.718663708449942,2.198710804625509,0,1,1,0871022d:30,0.928,0.159,0.175,0.206,0.724,0.16,0.638,0.104,0.482,0.159
117,0.0,0.0,1,9.700624062364392,2.080115399804713,0,1,1,0871022d:30,0.928,0.17,0.178,0.208,0.718,0.159,0.642,0.109,0.487,0.172
118,0.0,0.0,1,10.350999663949919,2.2530502798661365,0,1,1,0871022d:30,0.921,0.177,0.198,0.212,0.708,0.162,0.63,0.103,0.474,0.167
119,0.0,0.0,1,10.456035389036781,2.196688502022292,0,1,1,0871022d:30,0.92,0.184,0.185,0.197,0.704,0.159,0.638,0.094,0.505,0.152
120,0.0,0.0,1,9.922392182920913,2.0822687594017637,0,1,1,0871022d:30,0.926,0.183,0.187,0.192,0.701,0.155,0.639,0.091,0.511,0.147
121,0.0,0.0,1,10.891709451344388,2.18846226546189,0,1,1,0871022d:30,0.916,0.192,0.199,0.199,0.682,0.147,0.635,0.093,0.516,0.152
122,0.0,0.0,1,11.540984493779174,2.0751590406470646,0,1,1,0871022d:30,0.91,0.191,0.187,0.193,0.677,0.145,0.646,0.094,0.529,0.149
123,0.0,0.0,1,12.027587040978709,2.072539183307103,0,1,1,0871022d:30,0.905,0.191,0.191,0.197,0.662,0.139,0.651,0.097,0.535,0.157
124,0.0,0.0,1,11.474292802558145,2.072612603128903,0,1,1,0871022d:30,0.91,0.185,0.193,0.208,0.675,0.143,0.644,0.098,0.535,0.157
125,0.0,0.0,1,12.126561974037275,2.0844943753448506,0,1,1,0871022d:30,0.904,0.193,0.205,0.207,0.672,0.14,0.642,0.099,0.535,0.155
126,0.0,0.0,1,12.255412162558654,2.073226861109974,0,1,1,0871022d:30,0.902,0.19,0.204,0.209,0.668,0.137,0.644,0.1,0.536,0.158
127,0.0,0.0,1,12.554944485516259,2.071863712919615,0,1,1,0871022d:30,0.899,0.189,0.208,0.206,0.663,0.137,0.643,0.1,0.535,0.166
128,0.0,0.0,1,12.427287406995458,2.2361944159600253,0,1,1,0871022d:30,0.901,0.185,0.211,0.206,0.671,0.138,0.637,0.099,0.522,0.169
129,0.0,0.0,1,10.156308972692015,2.2275025969076583,0,1,1,0871022d:30,0.923,0.153,0.209,0.2,0.668,0.135,0.638,0.099,0.525,0.161
130,0.0,0.0,1,9.382310783829464,2.0827927595069307,0,1,1,0871022d:30,0.931,0.159,0.211,0.2,0.664,0.132,0.638,0.098,0.536,0.16
131,0.0,0.0,1,7.7426850317284,2.0967483834216383,0,1,1,0871022d:30,0.948,0.134,0.184,0.202,0.697,0.128,0.64,0.103,0.536,0.16
132,0.0,0.0,1,8.76246021208768,2.0805824864275992,0,1,1,0871022d:30,0.937,0.159,0.19,0.201,0.69,0.129,0.638,0.103,0.538,0.154
133,0.0,0.0,1,9.532523774040722,2.2112592739024133,0,1,1,0871022d:30,0.93,0.172,0.194,0.202,0.685,0.128,0.642,0.103,0.544,0.155
134,0.0,0.0,1,7.954304567113961,2.1849383879010933,0,1,1,0871022d:30,0.945,0.141,0.167,0.202,0.716,0.135,0.644,0.101,0.539,0.147
135,0.0,0.0,1,8.752266462671352,2.070696405929352,0,1,1,0871022d:30,0.937,0.158,0.161,0.204,0.738,0.144,0.647,0.107,0.529,0.155
136,0.0,0.0,1,9.527267749126079,2.219419126731105,0,1,1,0871022d:30,0.93,0.167,0.169,0.209,0.731,0.145,0.651,0.11,0.529,0.159
137,0.0,0.0,1,10.306888997320328,2.0505274960430877,0,1,1,0871022d:30,0.922,0.175,0.166,0.19,0.719,0.148,0.658,0.102,0.535,0.146
138,0.0,0.0,1,10.631198817152926,2.078367862928222,0,1,1,0871022d:30,0.919,0.18,0.18,0.193,0.706,0.147,0.658,0.097,0.532,0.147
139,0.0,0.0,1,11.014920979854852,2.2068266263745855,0,1,1,0871022d:30,0.915,0.185,0.187,0.198,0.696,0.148,0.66,0.102,0.533,0.149
140,0.0,0.0,1,11.420867323912058,2.241180355665654,0,1,1,0871022d:30,0.911,0.188,0.196,0.199,0.691,0.147,0.657,0.104,0.532,0.161
141,0.0,0.0,1,11.35728050326476,2.2983133539857357,0,1,1,0871022d:30,0.911,0.189,0.194,0.193,0.688,0.143,0.66,0.101,0.537,0.154
142,0.0,0.0,1,9.731132363198572,2.2311124550401997,0,1,1,0871022d:30,0.928,0.158,0.193,0.186,0.684,0.14,0.661,0.096,0.536,0.145
143,0.0,0.0,1,10.194436713816078,2.115024902045,0,1,1,0871022d:30,0.923,0.167,0.187,0.183,0.681,0.137,0.669,0.097,0.54,0.147
144,0.0,0.0,1,8.7426188645466,2.1909465111517257,0,1,1,0871022d:30,0.938,0.146,0.189,0.18,0.678,0.133,0.669,0.094,0.539,0.145
145,0.0,0.0,1,9.495888174601804,2.215606143382859,0,1,1,0871022d:30,0.93,0.162,0.188,0.179,0.672,0.133,0.673,0.096,0.542,0.143
146,0.0,0.0,1,9.687565934546221,2.2051866150954913,0,1,1,0871022d:30,0.928,0.175,0.198,0.187,0.67,0.13,0.668,0.097,0.542,0.145
147,0.0,0.0,1,7.851025871408955,2.059766007793995,0,1,1,0871022d:30,0.946,0.143,0.17,0.187,0.692,0.134,0.674,0.097,0.545,0.146
148,0.0,0.0,1,7.330210979924896,2.199974763828998,0,1,1,0871022d:30,0.952,0.141,0.172,0.183,0.688,0.132,0.673,0.094,0.549,0.14
149,0.0,0.0,1,8.420162282665679,2.0849014037663665,0,1,1,0871022d:30,0.941,0.16,0.175,0.18,0.683,0.131,0.674,0.094,0.554,0.137
150,0.0,0.0,1,9.453227977710737,2.21265955896392,0,1,1,0871022d:30,0.93,0.171,0.163,0.186,0.699,0.131,0.672,0.1,0.55,0.147
151,0.0,0.0,1,9.993199607495498,2.24359812544129,0,1,1,0871022d:30,0.925,0.179,0.151,0.188,0.715,0.136,0.671,0.101,0.54,0.155
152,0.0,0.0,1,9.347210085721647,2.066346695391887,0,1,1,0871022d:30,0.932,0.173,0.159,0.188,0.71,0.135,0.671,0.099,0.541,0.148
153,0.0,0.0,1,10.00516512831399,2.0709114317645554,0,1,1,0871022d:30,0.925,0.177,0.161,0.202,0.722,0.143,0.664,0.104,0.539,0.16
154,0.0,0.0,1,8.974246199901655,2.2320868896513306,0,1,1,0871022d:30,0.935,0.16,0.158,0.196,0.719,0.141,0.668,0.104,0.551,0.158
155,0.0,0.0,1,7.5309363817679165,2.221055714456291,0,1,1,0871022d:30,0.95,0.131,0.163,0.194,0.714,0.139,0.669,0.107,0.553,0.163
156,0.0,0.0,1,8.31553106532202,2.0799894746877428,0,1,1,0871022d:30,0.942,0.149,0.182,0.192,0.709,0.138,0.657,0.102,0.546,0.165
157,0.0,0.0,1,9.130743884388728,2.2374832778843983,0,1,1,0871022d:30,0.934,0.165,0.169,0.19,0.722,0.144,0.657,0.097,0.545,0.154
158,0.0,0.0,1,9.409238978686401,2.188174189363259,0,1,1,0871022d:30,0.931,0.175,0.167,0.19,0.718,0.141,0.661,0.097,0.551,0.156
159,0.0,0.0,1,9.556171882394269,2.0747889719817105,0,1,1,0871022d:30,0.929,0.179,0.18,0.197,0.712,0.141,0.655,0.099,0.553,0.154
160,0.0,0.0,1,9.047277112503606,2.1531249516130737,0,1,1,0871022d:30,0.935,0.169,0.176,0.193,0.709,0.141,0.659,0.101,0.554,0.151
161,0.0,0.0,1,7.844369467014871,2.1928003859397336,0,1,1,0871022d:30,0.947,0.141,0.157,0.174,0.705,0.138,0.67,0.09,0.571,0.141
162,0.0,0.0,1,8.764571769723405,2.0654100551856547,0,1,1,0871022d:30,0.937,0.156,0.175,0.18,0.687,0.129,0.664,0.092,0.573,0.14
163,0.0,0.0,1,9.018439237247183,2.0691171954156546,0,1,1,0871022d:30,0.935,0.165,0.18,0.18,0.682,0.128,0.662,0.095,0.573,0.148
164,0.0,0.0,1,8.938256978125285,2.229593538324386,0,1,1,0871022d:30,0.936,0.17,0.167,0.184,0.7,0.138,0.659,0.093,0.555,0.147
165,0.0,0.0,1,9.979180182126852,2.2965178677062705,0,1,1,0871022d:30,0.925,0.178,0.18,0.195,0.688,0.139,0.66,0.101,0.556,0.166
166,0.0,0.0,1,10.318099170389011,2.0703129687560686,0,1,1,0871022d:30,0.922,0.178,0.169,0.197,0.713,0.129,0.655,0.106,0.541,0.173
167,0.0,0.0,1,11.180540594420036,2.280767409801743,0,1,1,0871022d:30,0.913,0.183,0.179,0.195,0.702,0.132,0.653,0.103,0.541,0.179
168,0.0,0.0,1,10.18172712411444,2.179817213632021,0,1,1,0871022d:30,0.923,0.171,0.175,0.183,0.698,0.129,0.659,0.102,0.557,0.175
169,0.0,0.0,1,9.45283802790707,2.183087723512242,0,1,1,0871022d:30,0.93,0.168,0.174,0.188,0.693,0.129,0.662,0.102,0.567,0.164
170,0.0,0.0,1,9.894485545848523,2.0621289220391557,0,1,1,0871022d:30,0.926,0.177,0.178,0.184,0.688,0.128,0.662,0.099,0.575,0.155
171,0.0,0.0,1,10.720749974593256,2.1006873891141717,0,1,1,0871022d:30,0.918,0.183,0.185,0.187,0.683,0.127,0.663,0.103,0.577,0.164
172,0.0,0.0,1,10.146960313084948,2.0469241609559488,0,1,1,0871022d:30,0.924,0.177,0.184,0.18,0.68,0.124,0.665,0.099,0.574,0.162
173,0.0,0.0,1,8.846859292398884,2.2463410411498677,0,1,1,0871022d:30,0.937,0.149,0.191,0.177,0.676,0.122,0.662,0.097,0.57,0.154
174,0.0,0.0,1,8.792468154382055,2.065320584818496,0,1,1,0871022d:30,0.937,0.159,0.181,0.179,0.673,0.119,0.668,0.098,0.584,0.151
175,0.0,0.0,1,9.004003971200984,2.0651557910859317,0,1,1,0871022d:30,0.935,0.172,0.178,0.185,0.67,0.116,0.672,0.103,0.589,0.147
176,0.0,0.0,1,8.48891373928069,2.061521962397113,0,1,1,0871022d:30,0.94,0.164,0.172,0.181,0.667,0.114,0.678,0.101,0.595,0.154
177,0.0,0.0,1,7.677898755860166,2.1810960715008063,0,1,1,0871022d:30,0.948,0.153,0.166,0.178,0.664,0.111,0.682,0.102,0.599,0.152
178,0.0,0.0,1,8.836886194967805,2.0688145537312024,0,1,1,0871022d:30,0.937,0.171,0.176,0.186,0.653,0.112,0.68,0.107,0.589,0.16
179,0.0,0.0,1,9.90982034716125,2.068096893257741,0,1,1,0871022d:30,0.926,0.18,0.182,0.191,0.644,0.113,0.68,0.11,0.58,0.166
180,0.0,0.0,1,10.586250665292274,2.1304599289616863,0,1,1,0871022d:30,0.919,0.184,0.191,0.19,0.635,0.113,0.673,0.103,0.571,0.162
181,0.0,0.0,1,11.512427149890677,2.0834082349278176,0,1,1,0871022d:30,0.91,0.188,0.202,0.199,0.625,0.113,0.668,0.113,0.572,0.172
182,0.0,0.0,1,10.114112795859892,2.171185924993801,0,1,1,0871022d:30,0.924,0.168,0.193,0.201,0.625,0.109,0.675,0.113,0.592,0.154
183,0.0,0.0,1,10.487399884433389,2.063622686048895,0,1,1,0871022d:30,0.92,0.176,0.205,0.2,0.619,0.109,0.67,0.112,0.586,0.151
184,0.0,0.0,1,10.982935973792966,2.075081833723788,0,1,1,0871022d:30,0.915,0.186,0.223,0.203,0.619,0.105,0.661,0.112,0.57,0.152
185,0.0,0.0,1,10.85700445722374,2.072381833064003,0,1,1,0871022d:30,0.916,0.181,0.206,0.204,0.637,0.113,0.664,0.117,0.566,0.161
186,0.0,0.0,1,11.234745034329132,2.2454822898578257,0,1,1,0871022d:30,0.913,0.181,0.191,0.193,0.641,0.107,0.68,0.107,0.588,0.156
187,0.0,0.0,1,9.700873754009068,2.0858764778466274,0,1,1,0871022d:30,0.928,0.16,0.187,0.193,0.646,0.118,0.68,0.108,0.587,0.149
188,0.0,0.0,1,8.336676131486989,2.054338165193903,0,1,1,0871022d:30,0.942,0.143,0.188,0.2,0.643,0.116,0.68,0.111,0.588,0.149
189,0.0,0.0,1,8.02660164221388,2.051569398949527,0,1,1,0871022d:30,0.945,0.156,0.172,0.189,0.643,0.111,0.697,0.109,0.604,0.136
190,0.0,0.0,1,9.065689651649183,2.0511873099860614,0,1,1,0871022d:30,0.934,0.176,0.19,0.194,0.635,0.112,0.683,0.107,0.594,0.15
191,0.0,0.0,1,9.891522460816224,2.0542204382788056,0,1,1,0871022d:30,0.926,0.187,0.199,0.195,0.633,0.109,0.679,0.106,0.589,0.142
192,0.0,0.0,1,9.706183019787396,2.210498704544791,0,1,1,0871022d:30,0.928,0.181,0.187,0.186,0.629,0.108,0.686,0.102,0.599,0.135
193,0.0,0.0,1,10.76670935262736,2.178935736538899,0,1,1,0871022d:30,0.917,0.186,0.201,0.19,0.626,0.107,0.681,0.108,0.585,0.146
194,0.0,0.0,1,9.88669454601033,2.1876470180909537,0,1,1,0871022d:30,0.926,0.171,0.191,0.194,0.627,0.102,0.692,0.11,0.595,0.151
195,0.0,0.0,1,8.505457178821384,2.163669410627542,0,1,1,0871022d:30,0.94,0.143,0.188,0.186,0.625,0.1,0.694,0.107,0.601,0.145
196,0.0,0.0,1,8.295216731024347,2.037516905910855,0,1,1,0871022d:30,0.942,0.153,0.167,0.182,0.657,0.093,0.691,0.106,0.598,0.136
197,0.0,0.0,1,8.124497008362093,2.2120072744401305,0,1,1,0871022d:30,0.944,0.163,0.171,0.188,0.655,0.09,0.691,0.105,0.605,0.14
198,0.0,0.0,1,7.8514961434109205,2.154715055035506,0,1,1,0871022d:30,0.946,0.163,0.172,0.197,0.65,0.091,0.693,0.11,0.609,0.152
199,0.0,0.0,1,9.057629320459197,2.1996646565512754,0,1,1,0871022d:30,0.934,0.175,0.166,0.199,0.643,0.093,0.699,0.113,0.613,0.155
200,0.0,0.0,1,9.91579474255419,2.0357903946424627,0,1,1,0871022d:30,0.926,0.176,0.184,0.2,0.635,0.095,0.687,0.113,0.6,0.151
201,0.0,0.0,1,8.501678237798753,2.1949579446142664,0,1,1,0871022d:30,0.94,0.147,0.182,0.195,0.632,0.093,0.691,0.117,0.608,0.152
202,0.0,0.0,1,9.256890688460729,2.0176514819677833,0,1,1,0871022d:30,0.932,0.158,0.199,0.2,0.631,0.09,0.685,0.119,0.598,0.159
203,0.0,0.0,1,9.43060555420829,2.0770811392478534,0,1,1,0871022d:30,0.931,0.165,0.198,0.199,0.629,0.087,0.69,0.119,0.602,0.165
204,0.0,0.0,1,9.690531111558988,2.1367643785422397,0,1,1,0871022d:30,0.928,0.17,0.188,0.184,0.624,0.088,0.694,0.117,0.605,0.164
205,0.0,0.0,1,8.52990807414333,2.2245563938249,0,1,1,0871022d:30,0.94,0.155,0.152,0.182,0.665,0.081,0.699,0.114,0.602,0.166
206,0.0,0.0,1,9.055270126495992,2.030604575367328,0,1,1,0871022d:30,0.934,0.166,0.155,0.184,0.663,0.078,0.706,0.113,0.611,0.156
207,0.0,0.0,1,10.036134803663495,2.1134822384250813,0,1,1,0871022d:30,0.925,0.177,0.168,0.193,0.659,0.077,0.705,0.117,0.603,0.162
208,0.0,0.0,1,10.797898490835657,2.151852636221795,0,1,1,0871022d:30,0.917,0.181,0.171,0.196,0.651,0.081,0.706,0.123,0.6,0.168
209,0.0,0.0,1,11.104658201786775,2.0419901070605486,0,1,1,0871022d:30,0.914,0.181,0.184,0.193,0.644,0.083,0.698,0.122,0.595,0.167
210,0.0,0.0,1,11.39334137286479,2.0476958220095467,0,1,1,0871022d:30,0.911,0.183,0.183,0.198,0.643,0.094,0.696,0.119,0.591,0.162
211,0.0,0.0,1,11.714967536297198,2.13983938983336,0,1,1,0871022d:30,0.908,0.185,0.186,0.193,0.637,0.094,0.694,0.114,0.585,0.158
212,0.0,0.0,1,12.131488969106005,2.049489092360829,0,1,1,0871022d:30,0.904,0.189,0.195,0.206,0.637,0.096,0.695,0.121,0.58,0.167
213,0.0,0.0,1,11.481242504866993,2.0642632618753165,0,1,1,0871022d:30,0.91,0.188,0.197,0.197,0.634,0.094,0.694,0.117,0.582,0.162
214,0.0,0.0,1,11.725819332167177,2.0983084330124018,0,1,1,0871022d:30,0.908,0.185,0.202,0.196,0.63,0.094,0.693,0.117,0.586,0.175
215,0.0,0.0,1,11.914323952354875,2.10663198129078,0,1,1,0871022d:30,0.906,0.184,0.212,0.203,0.634,0.1,0.687,0.117,0.591,0.176
216,0.0,0.0,1,12.306083187786003,2.0812411390221026,0,1,1,0871022d:30,0.902,0.187,0.215,0.21,0.627,0.101,0.684,0.12,0.587,0.18
217,0.0,0.0,1,11.538310560610544,2.081521775657242,0,1,1,0871022d:30,0.91,0.182,0.208,0.201,0.624,0.1,0.686,0.114,0.592,0.168
218,0.0,0.0,1,9.671764964170519,2.080460859488416,0,1,1,0871022d:30,0.928,0.152,0.21,0.201,0.622,0.098,0.687,0.116,0.589,0.172
219,0.0,0.0,1,10.13124200893289,2.2138620189525833,0,1,1,0871022d:30,0.924,0.162,0.197,0.197,0.62,0.096,0.696,0.115,0.604,0.156
220,0.0,0.0,1,10.4693909571407,2.167884311606013,0,1,1,0871022d:30,0.92,0.173,0.2,0.202,0.609,0.092,0.697,0.118,0.603,0.162
221,0.0,0.0,1,8.661739533626768,2.263384267662216,0,1,1,0871022d:30,0.938,0.145,0.202,0.201,0.607,0.09,0.695,0.116,0.601,0.159
222,0.0,0.0,1,7.819672245452172,2.092269578258454,0,1,1,0871022d:30,0.947,0.144,0.189,0.201,0.605,0.088,0.703,0.118,0.619,0.162
223,0.0,0.0,1,8.499546052820135,2.0676846452356403,0,1,1,0871022d:30,0.94,0.164,0.194,0.206,0.602,0.088,0.703,0.127,0.619,0.169
224,0.0,0.0,1,9.407697474598057,2.069231859284631,0,1,1,0871022d:30,0.931,0.176,0.203,0.208,0.597,0.088,0.698,0.129,0.605,0.167
225,0.0,0.0,1,8.5029482834389,2.1216012680227947,0,1,1,0871022d:30,0.94,0.16,0.201,0.21,0.595,0.086,0.698,0.127,0.618,0.16
226,0.0,0.0,1,9.056094270830686,2.0618401871790604,0,1,1,0871022d:30,0.934,0.168,0.205,0.207,0.591,0.086,0.695,0.129,0.61,0.16
227,0.0,0.0,1,8.400280613821424,2.056371009993166,0,1,1,0871022d:30,0.941,0.157,0.187,0.205,0.597,0.098,0.702,0.125,0.615,0.154
228,0.0,0.0,1,7.905254502114513,2.146478691504708,0,1,1,0871022d:30,0.946,0.153,0.183,0.194,0.596,0.096,0.705,0.119,0.642,0.16
229,0.0,0.0,1,8.575856744239184,2.1568915548763012,0,1,1,0871022d:30,0.939,0.167,0.185,0.195,0.594,0.095,0.703,0.118,0.634,0.171
230,0.0,0.0,1,8.614349579102493,2.0573844366033014,0,1,1,0871022d:30,0.939,0.174,0.179,0.201,0.597,0.103,0.708,0.126,0.633,0.178
231,0.0,0.0,1,7.976685478709648,2.1829670329814665,0,1,1,0871022d:30,0.945,0.162,0.175,0.19,0.595,0.101,0.711,0.119,0.641,0.156
232,0.0,0.0,1,9.311053551905598,2.054853193657639,0,1,1,0871022d:30,0.932,0.175,0.186,0.192,0.593,0.1,0.71,0.122,0.646,0.164
233,0.0,0.0,1,10.081804771614205,2.052610115781008,0,1,1,0871022d:30,0.924,0.177,0.188,0.191,0.591,0.098,0.713,0.125,0.642,0.178
234,0.0,0.0,1,9.64478344738237,2.220425847291673,0,1,1,0871022d:30,0.929,0.173,0.181,0.184,0.589,0.096,0.716,0.118,0.641,0.167
235,0.0,0.0,1,9.624663610706378,2.04702190158666,0,1,1,0871022d:30,0.929,0.176,0.173,0.178,0.588,0.094,0.721,0.112,0.646,0.164
236,0.0,0.0,1,10.662889780460514,2.04268417633856,0,1,1,0871022d:30,0.918,0.185,0.181,0.188,0.584,0.094,0.713,0.117,0.652,0.159
237,0.0,0.0,1,11.27629630525203,2.2489249743424016,0,1,1,0871022d:30,0.912,0.183,0.195,0.197,0.588,0.103,0.705,0.124,0.629,0.173
238,0.0,0.0,1,9.936915835210046,2.1687813095149706,0,1,1,0871022d:30,0.926,0.164,0.191,0.192,0.589,0.1,0.712,0.121,0.657,0.166
239,0.0,0.0,1,9.994448124424107,2.1789354113766795,0,1,1,0871022d:30,0.925,0.168,0.191,0.197,0.597,0.112,0.711,0.12,0.659,0.155
240,0.0,0.0,1,8.318245245166342,2.072293154861087,0,1,1,0871022d:30,0.942,0.138,0.186,0.19,0.595,0.109,0.716,0.119,0.669,0.139
241,0.0,0.0,1,8.580265412678884,2.0382610867316244,0,1,1,0871022d:30,0.939,0.158,0.187,0.186,0.593,0.107,0.718,0.119,0.66,0.149
242,0.0,0.0,1,8.834217180138408,2.1384653991849487,0,1,1,0871022d:30,0.937,0.167,0.184,0.179,0.592,0.105,0.722,0.117,0.663,0.14
243,0.0,0.0,1,9.64300238486091,2.205268441738753,0,1,1,0871022d:30,0.929,0.172,0.176,0.179,0.592,0.102,0.729,0.116,0.664,0.153
244,0.0,0.0,1,10.100371008652816,2.1670032848061562,0,1,1,0871022d:30,0.924,0.173,0.172,0.175,0.607,0.096,0.721,0.118,0.642,0.161
245,0.0,0.0,1,9.886350371457159,2.042401561659003,0,1,1,0871022d:30,0.926,0.174,0.174,0.189,0.603,0.095,0.722,0.126,0.661,0.168
246,0.0,0.0,1,9.814488393306583,2.0602811514660897,0,1,1,0871022d:30,0.927,0.18,0.165,0.188,0.601,0.094,0.729,0.124,0.665,0.177
247,0.0,0.0,1,8.565223705884227,2.12983790565804,0,1,1,0871022d:30,0.939,0.154,0.169,0.187,0.599,0.092,0.726,0.122,0.674,0.16
248,0.0,0.0,1,9.628021754785356,2.1877544420585595,0,1,1,0871022d:30,0.929,0.169,0.172,0.192,0.606,0.099,0.711,0.121,0.65,0.168
249,0.0,0.0,1,10.230743733760658,2.200990453141217,0,1,1,0871022d:30,0.923,0.173,0.19,0.199,0.604,0.097,0.703,0.127,0.632,0.172
250,0.0,0.0,1,10.662303771217827,2.052663979710946,0,1,1,0871022d:30,0.918,0.176,0.195,0.204,0.597,0.096,0.704,0.134,0.635,0.181
251,0.0,0.0,1,9.182774669242383,2.159724652526854,0,1,1,0871022d:30,0.933,0.158,0.199,0.209,0.595,0.094,0.704,0.139,0.643,0.181
252,0.0,0.0,1,9.41998768303209,2.1344886255232844,0,1,1,0871022d:30,0.931,0.168,0.201,0.215,0.593,0.092,0.704,0.144,0.633,0.194
253,0.0,0.0,1,9.937993633842705,2.053098532400966,0,1,1,0871022d:30,0.926,0.173,0.218,0.216,0.59,0.091,0.698,0.145,0.625,0.201
254,0.0,0.0,1,8.686491668063514,2.1466048425625295,0,1,1,0871022d:30,0.938,0.157,0.222,0.214,0.586,0.09,0.694,0.146,0.632,0.197
255,0.0,0.0,1,8.55884258290361,2.057287869389491,0,1,1,0871022d:30,0.939,0.165,0.223,0.207,0.584,0.089,0.693,0.143,0.625,0.192
256,0.0,0.0,1,9.200852664172077,2.0536818246051056,0,1,1,0871022d:30,0.933,0.169,0.227,0.214,0.578,0.088,0.691,0.146,0.613,0.203
257,0.0,0.0,1,9.976193358591939,2.221025136137765,0,1,1,0871022d:30,0.925,0.174,0.226,0.207,0.576,0.086,0.692,0.144,0.605,0.206
258,0.0,0.0,1,10.801590853070307,2.2542662960717323,0,1,1,0871022d:30,0.917,0.181,0.228,0.205,0.575,0.085,0.692,0.145,0.6,0.2
259,0.0,0.0,1,10.037093082121698,2.1430932560959546,0,1,1,0871022d:30,0.925,0.174,0.211,0.205,0.585,0.099,0.695,0.14,0.598,0.185
260,0.0,0.0,1,8.544295886638583,2.057275093535189,0,1,1,0871022d:30,0.94,0.147,0.206,0.196,0.584,0.097,0.698,0.134,0.604,0.18
261,0.0,0.0,1,9.34289434179276,2.2050310135132674,0,1,1,0871022d:30,0.932,0.164,0.22,0.202,0.582,0.095,0.688,0.137,0.585,0.19
262,0.0,0.0,1,10.177591834653326,2.1920070007842396,0,1,1,0871022d:30,0.923,0.176,0.228,0.206,0.578,0.095,0.684,0.139,0.575,0.203
263,0.0,0.0,1,8.935818569240919,2.207473053701932,0,1,1,0871022d:30,0.936,0.159,0.219,0.217,0.586,0.11,0.691,0.146,0.575,0.203
264,0.0,0.0,1,8.138108097743096,2.056150487689978,0,1,1,0871022d:30,0.944,0.154,0.205,0.21,0.595,0.126,0.699,0.143,0.585,0.2
265,0.0,0.0,1,8.894815631465972,2.055654196362899,0,1,1,0871022d:30,0.936,0.168,0.21,0.206,0.593,0.124,0.698,0.142,0.588,0.191
266,0.0,0.0,1,8.579022501816654,2.0595401250690215,0,1,1,0871022d:30,0.939,0.17,0.204,0.205,0.596,0.133,0.701,0.14,0.612,0.18
267,0.0,0.0,1,9.53409326301752,2.237578171913178,0,1,1,0871022d:30,0.93,0.177,0.217,0.204,0.598,0.138,0.693,0.139,0.605,0.181
268,0.0,0.0,1,10.377689820960875,2.057935824638191,0,1,1,0871022d:30,0.921,0.178,0.213,0.194,0.587,0.133,0.695,0.137,0.602,0.182
269,0.0,0.0,1,9.363531611875857,2.0614940592061957,0,1,1,0871022d:30,0.931,0.16,0.206,0.182,0.597,0.147,0.696,0.128,0.616,0.174
270,0.0,0.0,1,10.039228977167486,2.1944997008514733,0,1,1,0871022d:30,0.925,0.167,0.201,0.186,0.602,0.156,0.696,0.122,0.61,0.163
271,0.0,0.0,1,10.755182123113752,2.279146551258777,0,1,1,0871022d:30,0.917,0.177,0.203,0.188,0.6,0.153,0.696,0.126,0.607,0.165
272,0.0,0.0,1,11.128877163840123,2.0896597541909587,0,1,1,0871022d:30,0.914,0.181,0.204,0.191,0.604,0.157,0.697,0.125,0.602,0.162
273,0.0,0.0,1,9.392336735486419,2.1719266010337903,0,1,1,0871022d:30,0.931,0.153,0.205,0.186,0.603,0.157,0.695,0.12,0.6,0.152
274,0.0,0.0,1,9.88321558849311,2.0689813186847097,0,1,1,0871022d:30,0.926,0.166,0.21,0.187,0.601,0.154,0.692,0.121,0.599,0.159
275,0.0,0.0,1,10.249319124206236,2.066388187304589,0,1,1,0871022d:30,0.923,0.17,0.201,0.187,0.599,0.151,0.697,0.121,0.596,0.162
276,0.0,0.0,1,9.214756132264718,2.1476717312726343,0,1,1,0871022d:30,0.933,0.159,0.207,0.184,0.597,0.148,0.693,0.119,0.594,0.154
277,0.0,0.0,1,9.826290508363927,2.0594399592201675,0,1,1,0871022d:30,0.927,0.174,0.201,0.187,0.596,0.145,0.701,0.124,0.602,0.159
278,0.0,0.0,1,10.590764478043459,2.282577055586334,0,1,1,0871022d:30,0.919,0.185,0.211,0.193,0.579,0.127,0.7,0.128,0.601,0.153
279,0.0,0.0,1,10.865524907377344,2.2060572836864343,0,1,1,0871022d:30,0.916,0.191,0.216,0.189,0.576,0.125,0.695,0.124,0.598,0.15
280,0.0,0.0,1,10.58558454141911,2.204861986744895,0,1,1,0871022d:30,0.919,0.186,0.213,0.185,0.574,0.123,0.696,0.12,0.601,0.155
281,0.0,0.0,1,10.013011051608386,2.059071352494908,0,1,1,0871022d:30,0.925,0.179,0.197,0.193,0.58,0.136,0.703,0.119,0.607,0.149
282,0.0,0.0,1,10.757978212421772,2.0815045501304548,0,1,1,0871022d:30,0.917,0.183,0.208,0.196,0.578,0.134,0.699,0.124,0.616,0.16
283,0.0,0.0,1,11.242175854651352,2.0447189304766282,0,1,1,0871022d:30,0.913,0.184,0.201,0.189,0.577,0.131,0.703,0.119,0.625,0.177
284,0.0,0.0,1,11.635733427583515,2.2248735505258725,0,1,1,0871022d:30,0.909,0.183,0.218,0.192,0.566,0.124,0.689,0.118,0.611,0.17
285,0.0,0.0,1,9.702380403975972,2.0537623391415902,0,1,1,0871022d:30,0.928,0.148,0.209,0.184,0.565,0.121,0.694,0.112,0.616,0.161
286,0.0,0.0,1,9.976038243014761,2.063561963312206,0,1,1,0871022d:30,0.925,0.157,0.226,0.186,0.564,0.119,0.685,0.116,0.601,0.167
287,0.0,0.0,1,7.773321324299181,2.059649707702838,0,1,1,0871022d:30,0.947,0.125,0.181,0.185,0.601,0.105,0.691,0.119,0.586,0.163
288,0.0,0.0,1,8.717864200795347,2.1660832838412336,0,1,1,0871022d:30,0.938,0.153,0.183,0.184,0.6,0.113,0.692,0.117,0.584,0.163
289,0.0,0.0,1,7.160095090387106,2.20183067858624,0,1,1,0871022d:30,0.953,0.129,0.173,0.178,0.598,0.111,0.702,0.116,0.605,0.146
290,0.0,0.0,1,8.123832127038403,2.1684173385460173,0,1,1,0871022d:30,0.944,0.153,0.171,0.182,0.598,0.119,0.702,0.115,0.602,0.144
291,0.0,0.0,1,7.7646696755201345,2.2098339016246773,0,1,1,0871022d:30,0.947,0.155,0.185,0.188,0.597,0.117,0.695,0.12,0.601,0.159
292,0.0,0.0,1,8.819320767749133,2.16335065008613,0,1,1,0871022d:30,0.937,0.171,0.191,0.191,0.593,0.116,0.695,0.122,0.604,0.164
293,0.0,0.0,1,8.142393764210361,2.1933330005009632,0,1,1,0871022d:30,0.944,0.164,0.185,0.196,0.592,0.114,0.7,0.126,0.603,0.176
294,0.0,0.0,1,9.395307746020604,2.165098152307133,0,1,1,0871022d:30,0.931,0.177,0.18,0.203,0.598,0.127,0.703,0.128,0.599,0.174
295,0.0,0.0,1,10.198530239063604,2.156731994487626,0,1,1,0871022d:30,0.923,0.176,0.179,0.206,0.594,0.126,0.703,0.13,0.605,0.175
296,0.0,0.0,1,9.80156179587551,2.045309179789307,0,1,1,0871022d:30,0.927,0.173,0.172,0.2,0.597,0.134,0.707,0.126,0.611,0.171
297,0.0,0.0,1,10.540995969577883,2.0447067485332804,0,1,1,0871022d:30,0.92,0.179,0.184,0.208,0.597,0.136,0.698,0.129,0.605,0.164
298,0.0,0.0,1,10.449852792222188,2.2317088545694155,0,1,1,0871022d:30,0.921,0.179,0.18,0.202,0.595,0.134,0.701,0.126,0.614,0.165
299,0.0,0.0,1,11.078953046053497,2.0532606051160567,0,1,1,0871022d:30,0.914,0.183,0.2,0.206,0.592,0.132,0.692,0.13,0.599,0.177
300,0.0,0.0,1,10.430272222523747,2.2138783352138196,0,1,1,0871022d:30,0.921,0.176,0.189,0.201,0.594,0.128,0.704,0.128,0.621,0.175
301,0.0,0.0,1,10.666323120561572,2.0435708878691115,0,1,1,0871022d:30,0.918,0.185,0.181,0.191,0.592,0.126,0.709,0.123,0.632,0.173
302,0.0,0.0,1,11.360116036133713,2.0497383215551905,0,1,1,0871022d:30,0.911,0.186,0.191,0.193,0.59,0.123,0.703,0.124,0.642,0.177
303,0.0,0.0,1,11.583777647438234,2.0512556410125398,0,1,1,0871022d:30,0.909,0.181,0.188,0.188,0.59,0.125,0.696,0.121,0.622,0.179
304,0.0,0.0,1,9.850408703565794,2.0517238944008276,0,1,1,0871022d:30,0.926,0.158,0.176,0.184,0.588,0.123,0.706,0.118,0.63,0.17
305,0.0,0.0,1,9.855214042782373,2.151992076337646,0,1,1,0871022d:30,0.926,0.168,0.175,0.197,0.592,0.129,0.707,0.128,0.624,0.175
306,0.0,0.0,1,7.913649320353036,2.0998363533830435,0,1,1,0871022d:30,0.946,0.134,0.181,0.195,0.591,0.129,0.705,0.128,0.621,0.176
307,0.0,0.0,1,8.653600471447518,2.2072182225373034,0,1,1,0871022d:30,0.938,0.157,0.195,0.196,0.583,0.126,0.694,0.127,0.607,0.187
308,0.0,0.0,1,9.40207805371758,2.147618136370074,0,1,1,0871022d:30,0.931,0.166,0.2,0.196,0.58,0.124,0.695,0.129,0.611,0.2
309,0.0,0.0,1,10.207769478848233,2.053943789884056,0,1,1,0871022d:30,0.923,0.175,0.206,0.189,0.574,0.122,0.688,0.124,0.616,0.185
310,0.0,0.0,1,10.56242449708655,2.277952957850994,0,1,1,0871022d:30,0.919,0.178,0.207,0.189,0.573,0.12,0.687,0.122,0.615,0.185
311,0.0,0.0,1,10.986960111902526,2.169319655369576,0,1,1,0871022d:30,0.915,0.184,0.208,0.194,0.572,0.118,0.686,0.122,0.611,0.184
312,0.0,0.0,1,11.27430886335943,2.2324135454295777,0,1,1,0871022d:30,0.912,0.182,0.21,0.193,0.574,0.129,0.682,0.119,0.617,0.177
313,0.0,0.0,1,9.343748005281379,2.201025190199525,0,1,1,0871022d:30,0.932,0.149,0.206,0.185,0.573,0.126,0.685,0.116,0.619,0.17
314,0.0,0.0,1,7.740784268637475,2.2316507794486853,0,1,1,0871022d:30,0.948,0.122,0.208,0.186,0.571,0.124,0.684,0.114,0.628,0.167
315,0.0,0.0,1,8.275938579784093,2.1457984778871104,0,1,1,0871022d:30,0.942,0.139,0.171,0.182,0.612,0.117,0.684,0.113,0.609,0.177
316,0.0,0.0,1,6.900572991127524,2.054118063447638,0,1,1,0871022d:30,0.956,0.117,0.163,0.175,0.61,0.115,0.692,0.115,0.622,0.172
317,0.0,0.0,1,7.577033381273241,2.052806367541185,0,1,1,0871022d:30,0.949,0.144,0.158,0.173,0.606,0.114,0.695,0.11,0.615,0.167
318,0.0,0.0,1,8.155938851188047,2.2256084538722845,0,1,1,0871022d:30,0.943,0.163,0.169,0.181,0.603,0.12,0.692,0.113,0.629,0.161
319,0.0,0.0,1,7.765394186573724,2.0583155747707744,0,1,1,0871022d:30,0.947,0.16,0.172,0.184,0.604,0.116,0.694,0.112,0.636,0.157
320,0.0,0.0,1,9.008195581054139,2.0587651159446976,0,1,1,0871022d:30,0.935,0.174,0.183,0.191,0.601,0.115,0.689,0.113,0.629,0.166
321,0.0,0.0,1,9.672571712719254,2.0615395364059017,0,1,1,0871022d:30,0.928,0.181,0.184,0.197,0.599,0.12,0.688,0.113,0.624,0.165
322,0.0,0.0,1,10.466734797557393,2.060005247153634,0,1,1,0871022d:30,0.92,0.18,0.185,0.198,0.596,0.119,0.693,0.117,0.627,0.169
323,0.0,0.0,1,11.057738491321153,2.071508951957495,0,1,1,0871022d:30,0.914,0.18,0.189,0.195,0.594,0.119,0.69,0.115,0.632,0.179
324,0.0,0.0,1,10.371885312964416,2.0534977559558545,0,1,1,0871022d:30,0.921,0.175,0.185,0.201,0.592,0.117,0.696,0.118,0.634,0.181
325,0.0,0.0,1,11.005860331542182,2.1739309827721414,0,1,1,0871022d:30,0.915,0.182,0.196,0.207,0.592,0.123,0.689,0.121,0.63,0.178
326,0.0,0.0,1,11.068809377864739,2.0597780632454046,0,1,1,0871022d:30,0.914,0.18,0.205,0.202,0.584,0.121,0.685,0.121,0.624,0.179
327,0.0,0.0,1,11.115986837517315,2.055913856982263,0,1,1,0871022d:30,0.914,0.175,0.2,0.195,0.574,0.115,0.688,0.116,0.62,0.182
328,0.0,0.0,1,8.932692801710585,2.180252564327491,0,1,1,0871022d:30,0.936,0.14,0.202,0.195,0.572,0.113,0.686,0.116,0.617,0.179
329,0.0,0.0,1,9.042796217298028,2.189678941118703,0,1,1,0871022d:30,0.935,0.158,0.203,0.196,0.571,0.111,0.687,0.118,0.622,0.174
330,0.0,0.0,1,7.883247661942549,2.05789886778565,0,1,1,0871022d:30,0.946,0.139,0.2,0.188,0.57,0.109,0.688,0.111,0.622,0.172
331,0.0,0.0,1,8.735866908405931,2.21388445722975,0,1,1,0871022d:30,0.938,0.158,0.216,0.194,0.57,0.106,0.682,0.113,0.612,0.171
332,0.0,0.0,1,8.698142130859189,2.209290372570568,0,1,1,0871022d:30,0.938,0.17,0.225,0.196,0.569,0.105,0.678,0.116,0.603,0.172
333,0.0,0.0,1,7.652469155310447,2.063902110405404,0,1,1,0871022d:30,0.948,0.146,0.207,0.194,0.572,0.115,0.685,0.117,0.618,0.158
334,0.0,0.0,1,8.781946871565799,2.0593084413340663,0,1,1,0871022d:30,0.937,0.161,0.214,0.194,0.574,0.118,0.68,0.117,0.598,0.166
335,0.0,0.0,1,9.70403732535483,2.0698601940289083,0,1,1,0871022d:30,0.928,0.168,0.22,0.196,0.571,0.116,0.675,0.117,0.586,0.169
336,0.0,0.0,1,8.315360641185269,2.232117285355255,0,1,1,0871022d:30,0.942,0.141,0.211,0.197,0.569,0.114,0.682,0.12,0.597,0.165
337,0.0,0.0,1,6.876783368990597,2.0564055281820637,0,1,1,0871022d:30,0.956,0.115,0.206,0.19,0.568,0.112,0.685,0.118,0.604,0.164
338,0.0,0.0,1,7.732940444362982,2.2465101009379236,0,1,1,0871022d:30,0.948,0.139,0.215,0.196,0.552,0.083,0.681,0.12,0.6,0.168
339,0.0,0.0,1,8.570859940858945,2.20384631424921,0,1,1,0871022d:30,0.939,0.157,0.227,0.196,0.55,0.082,0.675,0.122,0.591,0.181
340,0.0,0.0,1,7.851963844021444,2.182494374023114,0,1,1,0871022d:30,0.946,0.155,0.216,0.189,0.549,0.081,0.68,0.116,0.602,0.168
341,0.0,0.0,1,8.87598079402069,2.0827142708306963,0,1,1,0871022d:30,0.936,0.17,0.209,0.178,0.546,0.08,0.682,0.109,0.601,0.164
342,0.0,0.0,1,8.536083509587554,2.1531666938644176,0,1,1,0871022d:30,0.94,0.17,0.219,0.181,0.545,0.079,0.676,0.11,0.593,0.162
343,0.0,0.0,1,8.026893166828472,2.050303027436806,0,1,1,0871022d:30,0.945,0.163,0.207,0.171,0.546,0.08,0.682,0.102,0.606,0.147
344,0.0,0.0,1,9.241936113719133,2.055081637889842,0,1,1,0871022d:30,0.933,0.173,0.227,0.174,0.545,0.086,0.666,0.1,0.583,0.153
345,0.0,0.0,1,10.420125083386583,2.0539406598980983,0,1,1,0871022d:30,0.921,0.182,0.224,0.181,0.545,0.085,0.668,0.101,0.581,0.152
346,0.0,0.0,1,9.100316391736873,2.2202975827484717,0,1,1,0871022d:30,0.934,0.159,0.208,0.176,0.544,0.083,0.676,0.096,0.602,0.153
347,0.0,0.0,1,7.615892942750108,2.0429412983760593,0,1,1,0871022d:30,0.949,0.127,0.206,0.174,0.543,0.082,0.677,0.093,0.602,0.151
348,0.0,0.0,1,7.4844962691117205,2.0439430980097,0,1,1,0871022d:30,0.95,0.142,0.214,0.184,0.542,0.081,0.673,0.103,0.598,0.169
349,0.0,0.0,1,8.37452080775023,2.0507895587483,0,1,1,0871022d:30,0.941,0.157,0.212,0.186,0.543,0.082,0.673,0.103,0.599,0.163
350,0.0,0.0,1,9.09360166119819,2.0486810834328852,0,1,1,0871022d:30,0.934,0.169,0.207,0.183,0.546,0.092,0.674,0.098,0.595,0.173
351,0.0,0.0,1,9.416626310069086,2.1591667272532526,0,1,1,0871022d:30,0.931,0.177,0.196,0.192,0.545,0.09,0.682,0.105,0.611,0.176
352,0.0,0.0,1,10.437778420681777,2.1975398993254247,0,1,1,0871022d:30,0.921,0.185,0.206,0.193,0.543,0.089,0.677,0.109,0.603,0.181
353,0.0,0.0,1,10.104657726124572,2.22790892711788,0,1,1,0871022d:30,0.924,0.179,0.214,0.201,0.542,0.087,0.674,0.113,0.599,0.187
354,0.0,0.0,1,10.456980214831956,2.05426711338878,0,1,1,0871022d:30,0.92,0.181,0.203,0.188,0.542,0.086,0.68,0.105,0.61,0.166
355,0.0,0.0,1,11.27968058644734,2.065242367178797,0,1,1,0871022d:30,0.912,0.183,0.215,0.187,0.541,0.084,0.673,0.104,0.61,0.167
356,0.0,0.0,1,11.773065812966292,2.065598287697238,0,1,1,0871022d:30,0.907,0.186,0.219,0.189,0.54,0.083,0.671,0.105,0.608,0.168
357,0.0,0.0,1,9.956185599631093,2.2576770801283828,0,1,1,0871022d:30,0.925,0.16,0.204,0.176,0.539,0.082,0.679,0.096,0.613,0.155
358,0.0,0.0,1,10.09530527049886,2.1710175300228176,0,1,1,0871022d:30,0.924,0.168,0.212,0.179,0.539,0.088,0.674,0.096,0.597,0.159
359,0.0,0.0,1,10.557121128216657,2.2758297792388813,0,1,1,0871022d:30,0.919,0.177,0.228,0.176,0.539,0.086,0.665,0.096,0.592,0.157
360,0.0,0.0,1,11.053268109680054,2.057155034559716,0,1,1,0871022d:30,0.914,0.18,0.232,0.184,0.532,0.086,0.667,0.107,0.592,0.172
361,0.0,0.0,1,11.378645767600089,2.173283167805816,0,1,1,0871022d:30,0.911,0.182,0.232,0.19,0.532,0.084,0.668,0.113,0.595,0.178
362,0.0,0.0,1,9.98650498008451,2.140482813854679,0,1,1,0871022d:30,0.925,0.168,0.229,0.189,0.531,0.083,0.671,0.115,0.613,0.183
363,0.0,0.0,1,10.45624780965949,2.2254229474234686,0,1,1,0871022d:30,0.92,0.172,0.241,0.188,0.534,0.082,0.669,0.115,0.597,0.183
364,0.0,0.0,1,11.125576698169017,2.1630379703240226,0,1,1,0871022d:30,0.914,0.181,0.224,0.195,0.533,0.08,0.682,0.12,0.613,0.18
365,0.0,0.0,1,9.747114121855912,2.039964198293166,0,1,1,0871022d:30,0.928,0.168,0.208,0.191,0.53,0.079,0.689,0.12,0.626,0.172
366,0.0,0.0,1,10.301796295420024,2.0412217797289385,0,1,1,0871022d:30,0.922,0.177,0.213,0.187,0.529,0.077,0.689,0.122,0.625,0.178
367,0.0,0.0,1,10.953706118640364,2.171563405278072,0,1,1,0871022d:30,0.915,0.183,0.202,0.197,0.529,0.076,0.698,0.13,0.63,0.188
368,0.0,0.0,1,11.146078934657664,2.0405925705181445,0,1,1,0871022d:30,0.914,0.182,0.22,0.2,0.527,0.075,0.686,0.132,0.616,0.19
369,0.0,0.0,1,10.471955810465415,2.230540430591073,0,1,1,0871022d:30,0.92,0.181,0.217,0.197,0.527,0.074,0.691,0.134,0.623,0.19
370,0.0,0.0,1,10.504351891766918,2.1819564133037144,0,1,1,0871022d:30,0.92,0.183,0.219,0.204,0.526,0.073,0.692,0.14,0.641,0.196
371,0.0,0.0,1,11.273237161515626,2.0266571699314917,0,1,1,0871022d:30,0.912,0.185,0.217,0.208,0.526,0.072,0.695,0.144,0.64,0.201
372,0.0,0.0,1,10.089670861794627,2.18493033283279,0,1,1,0871022d:30,0.924,0.17,0.212,0.2,0.526,0.071,0.698,0.139,0.646,0.185
373,0.0,0.0,1,8.653868277031526,2.0698363664939246,0,1,1,0871022d:30,0.938,0.151,0.213,0.197,0.527,0.077,0.696,0.136,0.65,0.163
374,0.0,0.0,1,7.158856466855141,2.025177316353378,0,1,1,0871022d:30,0.953,0.124,0.197,0.181,0.526,0.076,0.705,0.126,0.654,0.146
375,0.0,0.0,1,6.931408787108971,2.0306931434451507,0,1,1,0871022d:30,0.956,0.143,0.193,0.178,0.531,0.083,0.708,0.118,0.668,0.154
376,0.0,0.0,1,8.150528997778256,2.1598289924838125,0,1,1,0871022d:30,0.943,0.168,0.203,0.183,0.53,0.082,0.703,0.122,0.667,0.16
377,0.0,0.0,1,9.326467566095513,2.024721558123912,0,1,1,0871022d:30,0.932,0.176,0.207,0.192,0.531,0.088,0.701,0.129,0.653,0.175
378,0.0,0.0,1,8.757825937928247,2.0330923215011123,0,1,1,0871022d:30,0.937,0.166,0.209,0.184,0.531,0.087,0.7,0.124,0.657,0.166
379,0.0,0.0,1,9.68628349777364,2.036086711673926,0,1,1,0871022d:30,0.928,0.173,0.22,0.188,0.53,0.085,0.693,0.125,0.657,0.175
380,0.0,0.0,1,9.125697525255308,2.2345495529356856,0,1,1,0871022d:30,0.934,0.167,0.222,0.196,0.53,0.084,0.693,0.133,0.652,0.184
381,0.0,0.0,1,10.131370808200874,2.1678788815514576,0,1,1,0871022d:30,0.924,0.18,0.225,0.193,0.529,0.083,0.691,0.132,0.645,0.172
382,0.0,0.0,1,10.863542393040124,2.1179758565035245,0,1,1,0871022d:30,0.916,0.185,0.222,0.201,0.529,0.081,0.694,0.139,0.648,0.185
383,0.0,0.0,1,9.395152770781142,2.02858602517625,0,1,1,0871022d:30,0.931,0.163,0.217,0.205,0.529,0.08,0.697,0.14,0.655,0.191
384,0.0,0.0,1,7.979043742362377,2.2589447607236597,0,1,1,0871022d:30,0.945,0.133,0.205,0.197,0.528,0.079,0.705,0.134,0.67,0.193
385,0.0,0.0,1,7.8038673490452615,2.1955705196026685,0,1,1,0871022d:30,0.947,0.149,0.212,0.201,0.529,0.085,0.702,0.14,0.659,0.197
386,0.0,0.0,1,7.761236685829533,2.179459313000353,0,1,1,0871022d:30,0.947,0.161,0.207,0.199,0.529,0.084,0.707,0.138,0.663,0.19
387,0.0,0.0,1,8.842274814515891,2.1718460826081003,0,1,1,0871022d:30,0.937,0.176,0.208,0.201,0.528,0.082,0.707,0.14,0.659,0.2
388,0.0,0.0,1,9.888933359950496,2.1431869498829603,0,1,1,0871022d:30,0.926,0.186,0.216,0.199,0.53,0.082,0.7,0.131,0.651,0.199
389,0.0,0.0,1,10.869979449973762,2.0297964996462685,0,1,1,0871022d:30,0.916,0.188,0.217,0.2,0.53,0.08,0.699,0.131,0.641,0.206
390,0.0,0.0,1,10.35797303731327,2.0368359089547017,0,1,1,0871022d:30,0.921,0.182,0.216,0.199,0.532,0.08,0.702,0.127,0.643,0.193
391,0.0,0.0,1,8.86242419088134,2.0385987805609425,0,1,1,0871022d:30,0.936,0.152,0.216,0.193,0.532,0.078,0.703,0.124,0.645,0.179
392,0.0,0.0,1,9.40061465318296,2.042105185792831,0,1,1,0871022d:30,0.931,0.16,0.231,0.192,0.531,0.077,0.693,0.124,0.63,0.183
393,0.0,0.0,1,9.201945202753151,2.1884833732343285,0,1,1,0871022d:30,0.933,0.169,0.227,0.193,0.534,0.076,0.698,0.124,0.637,0.183
394,0.0,0.0,1,7.8804467407139205,2.0411103861609474,0,1,1,0871022d:30,0.946,0.144,0.22,0.183,0.533,0.075,0.7,0.116,0.637,0.168
395,0.0,0.0,1,8.828652016308789,2.091933562611773,0,1,1,0871022d:30,0.937,0.16,0.229,0.182,0.533,0.074,0.695,0.115,0.635,0.184
396,0.0,0.0,1,9.751340062367593,2.1443090980951323,0,1,1,0871022d:30,0.927,0.171,0.219,0.181,0.532,0.073,0.7,0.112,0.635,0.185
397,0.0,0.0,1,10.504326369589748,2.0193651325796926,0,1,1,0871022d:30,0.92,0.176,0.232,0.183,0.532,0.071,0.692,0.115,0.614,0.189
398,0.0,0.0,1,10.599129456112204,2.038227956601016,0,1,1,0871022d:30,0.919,0.176,0.243,0.181,0.529,0.07,0.684,0.114,0.597,0.181
399,0.0,0.0,1,10.997843007437378,2.226122259461683,0,1,1,0871022d:30,0.915,0.178,0.257,0.18,0.529,0.07,0.672,0.113,0.582,0.181
400,0.0,0.0,1,9.841410419659447,2.1159267235569836,0,1,1,0871022d:30,0.927,0.168,0.246,0.172,0.528,0.068,0.678,0.104,0.59,0.178
401,0.0,0.0,1,10.239548370228103,2.037649789130308,0,1,1,0871022d:30,0.923,0.173,0.235,0.182,0.528,0.067,0.683,0.109,0.597,0.191
402,0.0,0.0,1,10.085991129549134,2.240039694800615,0,1,1,0871022d:30,0.924,0.174,0.229,0.19,0.527,0.066,0.687,0.116,0.611,0.188
403,0.0,0.0,1,8.891949893524307,2.1496048492533695,0,1,1,0871022d:30,0.936,0.157,0.223,0.188,0.528,0.073,0.69,0.115,0.613,0.188
404,0.0,0.0,1,9.67948482898378,2.144829253714707,0,1,1,0871022d:30,0.928,0.169,0.229,0.184,0.53,0.079,0.687,0.115,0.61,0.189
405,0.0,0.0,1,9.752464848497956,2.0354606612036945,0,1,1,0871022d:30,0.927,0.179,0.221,0.193,0.531,0.086,0.692,0.119,0.607,0.193
406,0.0,0.0,1,8.61655218589327,2.0957221136040087,0,1,1,0871022d:30,0.939,0.16,0.214,0.189,0.53,0.084,0.695,0.114,0.613,0.187
407,0.0,0.0,1,7.505717089870454,2.042191688774482,0,1,1,0871022d:30,0.95,0.133,0.215,0.189,0.53,0.083,0.695,0.116,0.621,0.178
408,0.0,0.0,1,6.311711182965317,2.1272649798672543,0,1,1,0871022d:30,0.962,0.105,0.216,0.182,0.529,0.081,0.696,0.114,0.624,0.168
409,0.0,0.0,1,6.116128729340311,2.1337749573768523,0,1,1,0871022d:30,0.964,0.122,0.207,0.176,0.529,0.08,0.701,0.11,0.63,0.154
410,0.0,0.0,1,7.548816515617084,2.034644716898807,0,1,1,0871022d:30,0.95,0.155,0.203,0.173,0.529,0.079,0.704,0.108,0.632,0.16
411,0.0,0.0,1,8.560686910310187,2.16357118329229,0,1,1,0871022d:30,0.939,0.172,0.216,0.18,0.528,0.078,0.698,0.117,0.618,0.169
412,0.0,0.0,1,7.3909625845842735,2.0293094049606766,0,1,1,0871022d:30,0.951,0.142,0.204,0.172,0.528,0.076,0.706,0.112,0.628,0.156
413,0.0,0.0,1,8.491092343477078,2.1515038236090605,0,1,1,0871022d:30,0.94,0.154,0.215,0.175,0.527,0.075,0.701,0.116,0.616,0.164
414,0.0,0.0,1,9.593026419052864,2.1426657949999117,0,1,1,0871022d:30,0.929,0.167,0.221,0.179,0.527,0.074,0.697,0.12,0.608,0.165
415,0.0,0.0,1,8.622472262377258,2.0198309174575204,0,1,1,0871022d:30,0.939,0.154,0.214,0.172,0.526,0.073,0.7,0.113,0.611,0.161
416,0.0,0.0,1,9.492800451084031,2.0211163578847597,0,1,1,0871022d:30,0.93,0.17,0.226,0.18,0.524,0.072,0.692,0.117,0.597,0.161
417,0.0,0.0,1,9.868841589870316,2.032853236775945,0,1,1,0871022d:30,0.926,0.179,0.234,0.176,0.524,0.07,0.687,0.115,0.589,0.163
418,0.0,0.0,1,10.504945269919101,2.036483708720097,0,1,1,0871022d:30,0.92,0.182,0.246,0.18,0.524,0.069,0.68,0.118,0.593,0.178
419,0.0,0.0,1,9.672023764610811,2.0372800004870006,0,1,1,0871022d:30,0.928,0.169,0.243,0.18,0.523,0.068,0.682,0.12,0.593,0.174
420,0.0,0.0,1,8.344839693246403,2.0330295872521114,0,1,1,0871022d:30,0.942,0.141,0.232,0.167,0.523,0.067,0.688,0.111,0.602,0.155
421,0.0,0.0,1,7.650978938685895,2.0147905989925143,0,1,1,0871022d:30,0.948,0.141,0.229,0.169,0.523,0.066,0.688,0.11,0.6,0.158
422,0.0,0.0,1,8.262979702050163,2.030525938528992,0,1,1,0871022d:30,0.942,0.156,0.226,0.18,0.522,0.065,0.691,0.119,0.606,0.164
423,0.0,0.0,1,8.877256648210178,2.192101512121172,0,1,1,0871022d:30,0.936,0.17,0.232,0.189,0.522,0.064,0.688,0.124,0.618,0.171
424,0.0,0.0,1,9.87636456822045,2.208760383439352,0,1,1,0871022d:30,0.926,0.179,0.233,0.192,0.52,0.064,0.688,0.129,0.618,0.181
425,0.0,0.0,1,10.698106897366609,2.1440923236096006,0,1,1,0871022d:30,0.918,0.183,0.237,0.197,0.52,0.063,0.687,0.134,0.612,0.197
426,0.0,0.0,1,9.181593225135101,2.1455175941939126,0,1,1,0871022d:30,0.933,0.153,0.231,0.198,0.52,0.062,0.69,0.134,0.619,0.195
427,0.0,0.0,1,9.946131481137165,2.199130579209185,0,1,1,0871022d:30,0.926,0.163,0.229,0.203,0.518,0.061,0.69,0.138,0.621,0.203
428,0.0,0.0,1,9.351854428243735,2.2444400309785704,0,1,1,0871022d:30,0.931,0.164,0.229,0.2,0.518,0.06,0.691,0.136,0.617,0.197
429,0.0,0.0,1,9.917813509132829,2.0263233567398866,0,1,1,0871022d:30,0.926,0.172,0.227,0.202,0.519,0.067,0.693,0.138,0.622,0.199
430,0.0,0.0,1,8.98612561441064,2.024905331724743,0,1,1,0871022d:30,0.935,0.168,0.224,0.205,0.519,0.066,0.693,0.138,0.622,0.196
431,0.0,0.0,1,9.927910889418655,2.240879722531933,0,1,1,0871022d:30,0.926,0.176,0.209,0.198,0.519,0.065,0.701,0.131,0.635,0.175
432,0.0,0.0,1,9.608612355273666,2.140851836157371,0,1,1,0871022d:30,0.929,0.176,0.194,0.181,0.518,0.064,0.708,0.118,0.643,0.16
433,0.0,0.0,1,10.201345742306799,2.006978325551381,0,1,1,0871022d:30,0.923,0.182,0.2,0.187,0.521,0.064,0.709,0.12,0.639,0.175
434,0.0,0.0,1,10.990698153353508,2.0246513695742223,0,1,1,0871022d:30,0.915,0.187,0.199,0.189,0.521,0.063,0.709,0.119,0.642,0.179
435,0.0,0.0,1,10.740144778097129,2.132244333926239,0,1,1,0871022d:30,0.918,0.186,0.191,0.186,0.521,0.062,0.713,0.121,0.651,0.161
436,0.0,0.0,1,11.498091386021406,2.178926994944112,0,1,1,0871022d:30,0.91,0.188,0.195,0.182,0.52,0.061,0.71,0.118,0.641,0.161
437,0.0,0.0,1,10.298658618113727,2.016409576161205,0,1,1,0871022d:30,0.922,0.172,0.198,0.182,0.52,0.061,0.71,0.121,0.642,0.171
438,0.0,0.0,1,10.755243399283893,2.143798696020928,0,1,1,0871022d:30,0.917,0.177,0.209,0.187,0.52,0.06,0.7,0.121,0.625,0.17
439,0.0,0.0,1,9.739536931257364,2.19010925141229,0,1,1,0871022d:30,0.928,0.173,0.215,0.184,0.52,0.059,0.696,0.118,0.623,0.168
440,0.0,0.0,1,7.991015757393025,2.219716256529711,0,1,1,0871022d:30,0.945,0.142,0.211,0.18,0.521,0.065,0.697,0.114,0.626,0.165
441,0.0,0.0,1,8.812936878110342,2.032834564887512,0,1,1,0871022d:30,0.937,0.156,0.224,0.184,0.524,0.065,0.691,0.113,0.611,0.167
442,0.0,0.0,1,9.700385218960138,2.248872098293204,0,1,1,0871022d:30,0.928,0.171,0.22,0.187,0.523,0.064,0.695,0.112,0.619,0.163
443,0.0,0.0,1,10.55099548240989,2.1938929476330644,0,1,1,0871022d:30,0.919,0.179,0.232,0.185,0.523,0.063,0.688,0.112,0.615,0.17
444,0.0,0.0,1,11.013449403066996,2.1876403123468444,0,1,1,0871022d:30,0.915,0.181,0.234,0.197,0.523,0.063,0.687,0.12,0.61,0.185
445,0.0,0.0,1,11.370017734771132,2.042169480607458,0,1,1,0871022d:30,0.911,0.182,0.246,0.202,0.522,0.062,0.679,0.124,0.59,0.194
446,0.0,0.0,1,9.743240569075517,2.0457664199546333,0,1,1,0871022d:30,0.928,0.161,0.236,0.202,0.522,0.061,0.685,0.125,0.602,0.194
447,0.0,0.0,1,9.18267681570113,2.0942131439520204,0,1,1,0871022d:30,0.933,0.164,0.221,0.192,0.525,0.061,0.695,0.115,0.618,0.185
448,0.0,0.0,1,9.903997720429635,2.120316132860157,0,1,1,0871022d:30,0.926,0.175,0.223,0.19,0.524,0.06,0.693,0.117,0.606,0.19
449,0.0,0.0,1,10.56913737042353,2.2039705412164037,0,1,1,0871022d:30,0.919,0.178,0.228,0.194,0.521,0.059,0.687,0.12,0.611,0.194
450,0.0,0.0,1,10.839477526988402,2.126246517507132,0,1,1,0871022d:30,0.917,0.183,0.203,0.187,0.521,0.058,0.701,0.114,0.63,0.19
451,0.0,0.0,1,11.132429910709357,2.0306320094293118,0,1,1,0871022d:30,0.914,0.179,0.208,0.198,0.521,0.057,0.699,0.121,0.63,0.207
452,0.0,0.0,1,11.422175292738649,2.0395441122221816,0,1,1,0871022d:30,0.911,0.177,0.217,0.202,0.523,0.058,0.696,0.12,0.634,0.196
453,0.0,0.0,1,11.649974017475918,2.0663091705935024,0,1,1,0871022d:30,0.909,0.181,0.231,0.208,0.523,0.057,0.69,0.13,0.632,0.201
454,0.0,0.0,1,11.616285118084885,2.054500107360135,0,1,1,0871022d:30,0.909,0.18,0.236,0.204,0.523,0.056,0.686,0.128,0.624,0.197
455,0.0,0.0,1,11.573822398774118,2.043777868996006,0,1,1,0871022d:30,0.909,0.182,0.243,0.211,0.525,0.057,0.687,0.132,0.619,0.198
456,0.0,0.0,1,11.653610331037902,2.1597481793348035,0,1,1,0871022d:30,0.908,0.185,0.243,0.207,0.525,0.056,0.686,0.129,0.621,0.198
457,0.0,0.0,1,9.214466267379859,2.144718063635098,0,1,1,0871022d:30,0.933,0.15,0.226,0.195,0.525,0.055,0.695,0.123,0.627,0.185
458,0.0,0.0,1,9.889856832200644,2.0338588628024423,0,1,1,0871022d:30,0.926,0.168,0.224,0.195,0.524,0.055,0.696,0.121,0.628,0.175
459,0.0,0.0,1,10.238602821203516,2.229964529317589,0,1,1,0871022d:30,0.923,0.174,0.215,0.2,0.524,0.054,0.703,0.129,0.643,0.18
460,0.0,0.0,1,10.615836474252522,2.0695306899943122,0,1,1,0871022d:30,0.919,0.179,0.229,0.199,0.524,0.053,0.694,0.128,0.632,0.184
461,0.0,0.0,1,11.069177227222914,2.0342500819749367,0,1,1,0871022d:30,0.914,0.182,0.215,0.203,0.523,0.053,0.701,0.128,0.636,0.191
462,0.0,0.0,1,11.06575261638943,2.153019834496728,0,1,1,0871022d:30,0.914,0.178,0.23,0.205,0.526,0.053,0.692,0.126,0.62,0.185
463,0.0,0.0,1,10.292747769244295,2.121111317901786,0,1,1,0871022d:30,0.922,0.172,0.234,0.208,0.525,0.053,0.692,0.13,0.62,0.177
464,0.0,0.0,1,10.848125323719225,2.254644096349895,0,1,1,0871022d:30,0.917,0.181,0.252,0.208,0.525,0.052,0.681,0.132,0.607,0.173
465,0.0,0.0,1,11.088671331150037,2.0422080706997936,0,1,1,0871022d:30,0.914,0.18,0.257,0.208,0.525,0.052,0.674,0.129,0.599,0.166
466,0.0,0.0,1,11.327122788949106,2.1785004964198795,0,1,1,0871022d:30,0.912,0.184,0.271,0.205,0.524,0.051,0.664,0.127,0.586,0.18
467,0.0,0.0,1,11.786930304706306,2.14345797222194,0,1,1,0871022d:30,0.907,0.188,0.273,0.2,0.524,0.05,0.663,0.129,0.583,0.18
468,0.0,0.0,1,12.04936473742789,2.0651592676651886,0,1,1,0871022d:30,0.905,0.191,0.28,0.193,0.526,0.051,0.663,0.125,0.571,0.177
469,0.0,0.0,1,11.9598388276182,2.032604411084946,0,1,1,0871022d:30,0.905,0.192,0.284,0.19,0.526,0.05,0.66,0.124,0.571,0.176
470,0.0,0.0,1,10.66392910528024,2.105705858533666,0,1,1,0871022d:30,0.918,0.179,0.266,0.19,0.527,0.055,0.668,0.121,0.576,0.165
471,0.0,0.0,1,11.153780903080733,2.0377430485165995,0,1,1,0871022d:30,0.913,0.179,0.266,0.195,0.527,0.054,0.669,0.127,0.57,0.179
472,0.0,0.0,1,10.05279139384718,2.0410884532931295,0,1,1,0871022d:30,0.924,0.17,0.258,0.194,0.527,0.054,0.672,0.124,0.578,0.166
473,0.0,0.0,1,10.70958960178191,2.0346272290282994,0,1,1,0871022d:30,0.918,0.179,0.246,0.197,0.526,0.053,0.678,0.123,0.585,0.167
474,0.0,0.0,1,11.282573034836819,2.0393792317907593,0,1,1,0871022d:30,0.912,0.187,0.245,0.19,0.526,0.053,0.68,0.122,0.59,0.17
475,0.0,0.0,1,11.618756660856896,2.158382824863931,0,1,1,0871022d:30,0.909,0.186,0.241,0.194,0.525,0.052,0.681,0.122,0.594,0.173
476,0.0,0.0,1,10.528375397112281,2.176915115939533,0,1,1,0871022d:30,0.92,0.177,0.23,0.189,0.525,0.051,0.688,0.121,0.596,0.185
477,0.0,0.0,1,9.151890995777762,2.1733229387305126,0,1,1,0871022d:30,0.933,0.16,0.223,0.191,0.526,0.057,0.691,0.122,0.603,0.191
478,0.0,0.0,1,9.803942730345572,2.028956111939765,0,1,1,0871022d:30,0.927,0.173,0.219,0.182,0.526,0.056,0.692,0.116,0.606,0.178
479,0.0,0.0,1,10.333860046985777,2.1409808682110856,0,1,1,0871022d:30,0.922,0.178,0.231,0.18,0.526,0.055,0.683,0.115,0.603,0.182
480,0.0,0.0,1,8.858300071744054,2.0261697556606433,0,1,1,0871022d:30,0.936,0.152,0.224,0.176,0.525,0.054,0.686,0.112,0.613,0.179
481,0.0,0.0,1,8.113138714959147,2.0297988892230125,0,1,1,0871022d:30,0.944,0.15,0.217,0.169,0.525,0.054,0.689,0.105,0.615,0.176
482,0.0,0.0,1,8.865340687736884,2.029900541389174,0,1,1,0871022d:30,0.936,0.164,0.217,0.174,0.524,0.053,0.69,0.112,0.627,0.174
483,0.0,0.0,1,7.481754188904316,2.0270175388154152,0,1,1,0871022d:30,0.95,0.133,0.214,0.177,0.524,0.053,0.692,0.114,0.626,0.169
484,0.0,0.0,1,8.518231632971299,2.191309706371634,0,1,1,0871022d:30,0.94,0.154,0.223,0.185,0.524,0.058,0.685,0.118,0.612,0.181
485,0.0,0.0,1,9.081177099160277,2.0215650939749312,0,1,1,0871022d:30,0.934,0.163,0.219,0.187,0.523,0.057,0.686,0.116,0.619,0.171
486,0.0,0.0,1,9.8616268720901,2.106273878284182,0,1,1,0871022d:30,0.926,0.173,0.225,0.189,0.522,0.057,0.682,0.117,0.607,0.183
487,0.0,0.0,1,10.110879163345935,2.022370189747196,0,1,1,0871022d:30,0.924,0.169,0.221,0.186,0.54,0.054,0.675,0.119,0.583,0.186
488,0.0,0.0,1,10.504219226222094,2.1576708397029067,0,1,1,0871022d:30,0.92,0.175,0.228,0.183,0.537,0.054,0.669,0.114,0.581,0.179
489,0.0,0.0,1,8.97504042576759,2.1853946630073446,0,1,1,0871022d:30,0.935,0.156,0.224,0.179,0.537,0.053,0.672,0.114,0.588,0.167
490,0.0,0.0,1,9.714788562907206,2.0769265100069174,0,1,1,0871022d:30,0.928,0.169,0.226,0.176,0.536,0.059,0.671,0.11,0.59,0.164
491,0.0,0.0,1,10.284562747709245,2.1481899789853705,0,1,1,0871022d:30,0.922,0.18,0.236,0.182,0.536,0.059,0.667,0.115,0.588,0.167
492,0.0,0.0,1,10.156267249729675,2.0257700164401347,0,1,1,0871022d:30,0.923,0.185,0.242,0.186,0.535,0.058,0.664,0.12,0.582,0.168
493,0.0,0.0,1,11.029920233509777,2.0255368444281303,0,1,1,0871022d:30,0.915,0.193,0.234,0.184,0.533,0.057,0.67,0.118,0.595,0.171
494,0.0,0.0,1,9.196375605646754,2.241797657148716,0,1,1,0871022d:30,0.933,0.153,0.223,0.186,0.532,0.057,0.676,0.117,0.602,0.162
495,0.0,0.0,1,8.801174411580723,2.2076128854447234,0,1,1,0871022d:30,0.937,0.155,0.212,0.177,0.532,0.056,0.681,0.11,0.601,0.168
496,0.0,0.0,1,9.458926697135986,2.023599795446473,0,1,1,0871022d:30,0.93,0.166,0.208,0.188,0.531,0.055,0.686,0.12,0.613,0.179
497,0.0,0.0,1,9.75381533967846,2.022017463213886,0,1,1,0871022d:30,0.927,0.168,0.205,0.195,0.531,0.054,0.689,0.124,0.616,0.187
498,0.0,0.0,1,10.182395455598195,2.1218666425667,0,1,1,0871022d:30,0.923,0.175,0.203,0.2,0.533,0.054,0.692,0.121,0.609,0.188
499,0.0,0.0,1,8.326047242469102,2.1318102318500154,0,1,1,0871022d:30,0.942,0.141,0.158,0.195,0.574,0.047,0.701,0.119,0.598,0.184
500,0.0,0.0,1,9.059304241507299,2.0728544349730793,0,1,1,0871022d:30,0.934,0.156,0.169,0.198,0.57,0.048,0.698,0.12,0.596,0.185
1,0.0,0.0,1,86.82875823536703,0.8763461643930059,0,6,6,"8ccd70f8:7,47ed045c:6,288fc9cf:6",0.157,0.158,0.468,0.069,0.552,0.033,0.512,0.018,0.279,0.077
2,0.0,0.0,1,74.33575338818956,1.0855259510287176,0,6,6,"8ccd70f8:8,47ed045c:6,288fc9cf:6",0.282,0.138,0.424,0.08,0.611,0.03,0.529,0.018,0.291,0.081
3,0.0,0.0,1,62.167539363700925,1.1614395683698782,0,6,6,"8ccd70f8:7,47ed045c:7,288fc9cf:6",0.403,0.123,0.379,0.091,0.655,0.03,0.538,0.024,0.304,0.082
4,0.0,0.0,1,51.16289348902064,1.3104799049728595,0,6,6,"47ed045c:8,8ccd70f8:7,7a258283:6",0.513,0.112,0.341,0.101,0.785,0.057,0.619,0.062,0.376,0.092
5,0.0,0.0,1,40.76267041383947,1.3923577279141184,0,6,6,"47ed045c:9,8ccd70f8:7,288fc9cf:5",0.617,0.114,0.308,0.118,0.943,0.073,0.715,0.065,0.455,0.088
6,0.0,0.0,1,33.0527982565899,1.2469668372835878,0,6,6,"47ed045c:10,8ccd70f8:7,288fc9cf:5",0.694,0.131,0.317,0.122,0.979,0.056,0.747,0.048,0.509,0.04
7,0.0,0.0,1,24.424633870849306,1.3126184320375338,0,6,6,"47ed045c:11,8ccd70f8:7,288fc9cf:4",0.781,0.147,0.276,0.133,0.983,0.053,0.747,0.049,0.494,0.045
8,0.0,0.0,1,17.09777706391725,1.3289118315089858,0,6,6,"47ed045c:11,8ccd70f8:7,288fc9cf:4",0.854,0.165,0.257,0.154,0.985,0.053,0.752,0.05,0.509,0.044
9,0.0,0.0,1,14.101022629706005,1.3674028713572608,0,6,6,"47ed045c:11,8ccd70f8:8,288fc9cf:4",0.884,0.175,0.26,0.152,0.978,0.052,0.753,0.051,0.517,0.041
10,0.0,0.0,1,11.90961397177043,1.7272115638459908,0,6,6,"47ed045c:11,8ccd70f8:8,288fc9cf:4",0.906,0.174,0.248,0.166,0.974,0.052,0.754,0.053,0.514,0.054
11,0.0,0.0,1,11.351197538411338,1.7661743485052963,0,6,6,"47ed045c:11,8ccd70f8:9,288fc9cf:4",0.911,0.179,0.221,0.175,0.983,0.053,0.749,0.052,0.488,0.053
12,0.0,0.0,1,11.349959513690283,1.5830660012050712,0,6,6,"47ed045c:11,8ccd70f8:10,288fc9cf:3",0.912,0.18,0.188,0.176,0.984,0.053,0.752,0.057,0.477,0.067
13,0.0,0.0,1,11.264965080709041,1.7609899918671215,0,6,6,"47ed045c:11,8ccd70f8:10,288fc9cf:3",0.912,0.18,0.174,0.175,0.978,0.052,0.758,0.057,0.488,0.066
14,0.0,0.0,1,11.277951128440613,1.6757906348977063,0,6,6,"47ed045c:12,8ccd70f8:10,7a258283:3",0.912,0.178,0.168,0.176,0.974,0.052,0.76,0.062,0.494,0.078
15,0.0,0.0,1,11.317253457700966,1.701986692750484,0,6,6,"47ed045c:12,8ccd70f8:11,7a258283:3",0.912,0.176,0.165,0.187,0.978,0.053,0.755,0.06,0.495,0.082
16,0.0,0.0,1,11.336290004199924,1.9934330510237956,0,6,6,"8ccd70f8:12,47ed045c:11,7a258283:3",0.912,0.173,0.183,0.187,0.97,0.052,0.753,0.062,0.5,0.08
17,0.0,0.0,1,10.980100227891715,1.739747494170452,0,5,5,"8ccd70f8:13,47ed045c:11,7a258283:3",0.915,0.172,0.149,0.19,0.983,0.053,0.755,0.066,0.493,0.082
18,0.0,0.0,1,10.999366631167343,1.771071364722672,0,5,5,"8ccd70f8:14,47ed045c:11,288fc9cf:2",0.915,0.173,0.151,0.187,0.98,0.053,0.75,0.064,0.489,0.093
19,0.0,0.0,1,10.828128222698904,1.7933992941095953,0,4,4,"8ccd70f8:15,47ed045c:11,288fc9cf:2",0.917,0.173,0.168,0.189,0.971,0.052,0.752,0.063,0.504,0.09
20,0.0,0.0,1,10.631852538892094,1.993878700597521,0,4,4,"8ccd70f8:16,47ed045c:10,288fc9cf:2",0.919,0.17,0.145,0.183,0.981,0.054,0.754,0.062,0.497,0.088
21,0.0,0.0,1,11.039559189507706,1.8389265505923023,0,4,4,"8ccd70f8:17,47ed045c:10,288fc9cf:2",0.915,0.174,0.161,0.191,0.973,0.053,0.753,0.063,0.51,0.089
22,0.0,0.0,1,11.075660526317119,1.8818717513660022,0,4,4,"8ccd70f8:18,47ed045c:9,288fc9cf:2",0.914,0.173,0.162,0.19,0.973,0.052,0.756,0.065,0.506,0.093
23,0.0,0.0,1,10.775048609988808,2.0958858857569855,0,4,4,"8ccd70f8:19,47ed045c:8,288fc9cf:2",0.917,0.171,0.131,0.18,0.983,0.053,0.762,0.075,0.499,0.105
24,0.0,0.0,1,10.659767765691317,1.8754591352035668,0,4,4,"8ccd70f8:20,47ed045c:7,288fc9cf:2",0.918,0.171,0.122,0.177,0.983,0.053,0.761,0.076,0.495,0.097
25,0.0,0.0,1,10.7714078874721,1.947779382275368,0,4,4,"8ccd70f8:19,47ed045c:8,288fc9cf:2",0.917,0.175,0.142,0.187,0.977,0.052,0.759,0.076,0.503,0.106
26,0.0,0.0,1,10.97549315094215,2.1156193113283916,0,4,4,"8ccd70f8:20,47ed045c:7,288fc9cf:2",0.915,0.172,0.135,0.182,0.982,0.053,0.753,0.075,0.481,0.111
27,0.0,0.0,1,11.084575756180575,2.0913740267332663,0,4,4,"8ccd70f8:21,47ed045c:7,7a258283:1",0.914,0.175,0.14,0.186,0.977,0.052,0.762,0.078,0.492,0.105
28,0.0,0.0,1,10.927237385311608,1.916620587875149,0,4,4,"8ccd70f8:21,47ed045c:7,7a258283:1",0.916,0.177,0.157,0.191,0.969,0.051,0.76,0.075,0.502,0.101
29,0.0,0.0,1,10.947998995136363,1.9282697576717753,0,4,4,"8ccd70f8:21,47ed045c:7,7a258283:1",0.916,0.177,0.14,0.188,0.981,0.053,0.756,0.075,0.489,0.104
30,0.0,0.0,1,11.123458710426117,1.9750445176230873,0,4,4,"8ccd70f8:21,47ed045c:7,7a258283:1",0.914,0.18,0.141,0.197,0.979,0.053,0.759,0.074,0.483,0.095
31,0.0,0.0,1,10.819995649561136,1.9986850951210715,0,4,4,"8ccd70f8:21,47ed045c:7,7a258283:1",0.917,0.177,0.154,0.202,0.973,0.053,0.759,0.073,0.494,0.11
32,0.0,0.0,1,10.37434918648776,1.9884621393064805,0,4,4,"8ccd70f8:22,47ed045c:6,7a258283:1",0.921,0.17,0.163,0.202,0.971,0.053,0.759,0.07,0.495,0.103
33,0.0,0.0,1,10.479071416547947,2.2094772293117892,0,4,4,"8ccd70f8:22,47ed045c:6,7a258283:1",0.92,0.169,0.169,0.2,0.971,0.054,0.756,0.067,0.491,0.089
34,0.0,0.0,1,10.214048912334878,2.1731882265343354,0,4,4,"8ccd70f8:21,47ed045c:7,7a258283:1",0.923,0.162,0.158,0.195,0.98,0.053,0.753,0.066,0.472,0.09
35,0.0,0.0,1,10.409731365177645,1.9688096290953112,0,4,4,"8ccd70f8:20,47ed045c:8,7a258283:1",0.921,0.17,0.171,0.2,0.974,0.053,0.758,0.077,0.476,0.102
36,0.0,0.0,1,10.453314283494313,1.9934510294165955,0,4,4,"8ccd70f8:20,47ed045c:7,7a258283:2",0.92,0.173,0.156,0.198,0.977,0.052,0.763,0.074,0.486,0.112
37,0.0,0.0,1,10.192535116329637,2.1468098523950934,0,4,4,"8ccd70f8:19,47ed045c:8,7a258283:2",0.923,0.178,0.151,0.201,0.966,0.051,0.775,0.08,0.517,0.109
38,0.0,0.0,1,10.66034665653412,2.0083671419836207,0,4,4,"8ccd70f8:18,47ed045c:9,7a258283:2",0.918,0.18,0.14,0.206,0.979,0.054,0.776,0.077,0.518,0.093
39,0.0,0.0,1,11.000899286397582,1.9777771001038427,0,4,4,"8ccd70f8:17,47ed045c:10,7a258283:2",0.915,0.178,0.142,0.204,0.976,0.052,0.78,0.082,0.526,0.113
40,0.0,0.0,1,11.484660646309557,2.1734848241123914,0,4,4,"8ccd70f8:17,47ed045c:10,7a258283:2",0.91,0.179,0.144,0.205,0.968,0.05,0.781,0.084,0.547,0.112
41,0.0,0.0,1,11.472968857792265,1.9875501369258324,0,4,4,"8ccd70f8:16,47ed045c:11,7a258283:2",0.91,0.176,0.144,0.2,0.973,0.053,0.775,0.082,0.542,0.114
42,0.0,0.0,1,11.348195742349192,1.9940466061833542,0,4,4,"8ccd70f8:16,47ed045c:11,7a258283:2",0.912,0.177,0.157,0.204,0.97,0.053,0.765,0.073,0.526,0.113
43,0.0,0.0,1,11.151269270889903,2.1906292371605107,0,4,4,"8ccd70f8:15,47ed045c:12,7a258283:2",0.913,0.178,0.162,0.204,0.972,0.053,0.762,0.07,0.531,0.099
44,0.0,0.0,1,11.042208022003418,2.0203982274288492,0,4,4,"8ccd70f8:14,47ed045c:13,7a258283:2",0.915,0.177,0.159,0.203,0.977,0.053,0.759,0.071,0.52,0.107
45,0.0,0.0,1,11.362726205697776,2.217953630671928,0,4,4,"8ccd70f8:14,47ed045c:13,7a258283:2",0.911,0.181,0.175,0.206,0.975,0.052,0.753,0.069,0.51,0.1
46,0.0,0.0,1,11.407653689123421,2.044055528268419,0,4,4,"8ccd70f8:14,47ed045c:13,7a258283:2",0.911,0.178,0.191,0.206,0.966,0.05,0.751,0.068,0.514,0.102
47,0.0,0.0,1,11.422054132910736,2.0261226138758532,0,4,4,"8ccd70f8:14,47ed045c:13,7a258283:2",0.911,0.175,0.179,0.204,0.971,0.053,0.75,0.068,0.504,0.105
48,0.0,0.0,1,11.300312929382201,2.1509806956323967,0,4,4,"8ccd70f8:14,47ed045c:13,7a258283:2",0.912,0.177,0.18,0.2,0.97,0.052,0.752,0.065,0.506,0.103
49,0.0,0.0,1,11.18020869523469,2.0176094358279943,0,4,4,"47ed045c:14,8ccd70f8:13,7a258283:2",0.913,0.177,0.194,0.198,0.962,0.051,0.75,0.064,0.509,0.097
50,0.0,0.0,1,11.155231393590796,2.046615064427051,0,4,4,"47ed045c:14,8ccd70f8:13,7a258283:2",0.913,0.179,0.194,0.198,0.963,0.053,0.75,0.07,0.506,0.097
51,0.0,0.0,1,11.252198138234894,2.1850937049900003,0,4,4,"47ed045c:15,8ccd70f8:12,7a258283:2",0.912,0.181,0.194,0.193,0.966,0.054,0.751,0.074,0.504,0.108
52,0.0,0.0,1,11.099234056423775,2.0701291878712063,0,4,4,"47ed045c:15,8ccd70f8:12,7a258283:2",0.914,0.174,0.159,0.189,0.98,0.053,0.758,0.075,0.506,0.11
53,0.0,0.0,1,11.3695333731441,2.0571463456450707,0,4,4,"47ed045c:16,8ccd70f8:11,7a258283:2",0.911,0.181,0.165,0.199,0.98,0.053,0.758,0.075,0.508,0.11
54,0.0,0.0,1,10.040285519201912,2.033856514479815,0,4,4,"47ed045c:16,8ccd70f8:11,7a258283:2",0.925,0.176,0.155,0.197,0.979,0.053,0.758,0.075,0.506,0.108
55,0.0,0.0,1,10.630509190053118,2.1410010252023888,0,4,4,"47ed045c:17,8ccd70f8:10,7a258283:2",0.919,0.182,0.165,0.202,0.971,0.052,0.76,0.079,0.51,0.115
56,0.0,0.0,1,10.914320336241103,2.053547539784762,0,4,4,"47ed045c:18,8ccd70f8:9,7a258283:2",0.916,0.18,0.161,0.201,0.972,0.052,0.761,0.078,0.515,0.112
57,0.0,0.0,1,10.964017960598209,2.0427042163849505,0,4,4,"47ed045c:19,8ccd70f8:8,7a258283:2",0.915,0.178,0.158,0.195,0.972,0.052,0.758,0.07,0.512,0.09
58,0.0,0.0,1,11.268551365454126,2.2009211903846317,0,4,4,"47ed045c:19,8ccd70f8:8,7a258283:2",0.912,0.178,0.143,0.192,0.983,0.053,0.761,0.074,0.504,0.091
59,0.0,0.0,1,11.53314782778877,2.0436208484395757,0,4,4,"47ed045c:20,8ccd70f8:7,7a258283:2",0.91,0.181,0.151,0.198,0.976,0.052,0.762,0.076,0.504,0.097
60,0.0,0.0,1,10.995493205665271,2.0584547251502134,0,4,4,"47ed045c:20,8ccd70f8:7,7a258283:2",0.915,0.185,0.156,0.194,0.967,0.05,0.76,0.075,0.51,0.106
61,0.0,0.0,1,11.091290351951193,2.060584795628004,0,4,4,"47ed045c:20,8ccd70f8:7,7a258283:2",0.914,0.184,0.147,0.193,0.976,0.053,0.762,0.075,0.517,0.095
62,0.0,0.0,1,11.441081676652988,2.194008245853225,0,4,4,"47ed045c:20,8ccd70f8:7,7a258283:2",0.911,0.183,0.17,0.198,0.967,0.052,0.758,0.073,0.528,0.083
63,0.0,0.0,1,11.514674288037948,2.0701956058733146,0,4,4,"47ed045c:20,8ccd70f8:7,7a258283:2",0.91,0.183,0.155,0.203,0.975,0.054,0.763,0.075,0.525,0.091
64,0.0,0.0,1,11.56962402580703,2.2684404423739046,0,4,4,"47ed045c:21,8ccd70f8:6,7a258283:2",0.909,0.181,0.174,0.209,0.967,0.052,0.76,0.073,0.524,0.086
65,0.0,0.0,1,11.486451923741674,2.2212873387738394,0,4,4,"47ed045c:21,8ccd70f8:6,7a258283:2",0.91,0.176,0.166,0.209,0.974,0.054,0.763,0.078,0.523,0.085
66,0.0,0.0,1,11.333880818710684,2.194387705424388,0,4,4,"47ed045c:21,8ccd70f8:5,7a258283:3",0.912,0.178,0.184,0.211,0.965,0.052,0.762,0.079,0.537,0.083
67,0.0,0.0,1,11.292642241449444,2.0682232478185023,0,4,4,"47ed045c:21,7a258283:4,8ccd70f8:4",0.912,0.176,0.177,0.208,0.974,0.053,0.759,0.077,0.525,0.079
68,0.0,0.0,1,10.77406875516227,2.253797415524759,0,4,4,"47ed045c:21,7a258283:4,8ccd70f8:4",0.917,0.169,0.17,0.204,0.977,0.053,0.762,0.081,0.532,0.084
69,0.0,0.0,1,10.88199006719807,2.0968328999048764,0,4,4,"47ed045c:22,7a258283:4,8ccd70f8:3",0.916,0.17,0.176,0.207,0.975,0.052,0.76,0.081,0.521,0.082
70,0.0,0.0,1,9.806052476438092,2.0923317909979153,0,4,4,"47ed045c:21,7a258283:5,8ccd70f8:3",0.927,0.164,0.16,0.206,0.976,0.053,0.764,0.089,0.531,0.106
71,0.0,0.0,1,9.777691641926664,2.0793515598323022,0,4,4,"47ed045c:21,7a258283:5,8ccd70f8:3",0.927,0.166,0.164,0.207,0.977,0.054,0.762,0.093,0.525,0.111
72,0.0,0.0,1,10.198756430292446,2.293935910650057,0,4,4,"47ed045c:20,7a258283:6,8ccd70f8:3",0.923,0.171,0.165,0.206,0.975,0.054,0.76,0.091,0.531,0.106
73,0.0,0.0,1,10.29491801640286,2.0852638932473924,0,4,4,"47ed045c:20,7a258283:7,8ccd70f8:2",0.922,0.169,0.183,0.207,0.966,0.052,0.763,0.093,0.545,0.106
74,0.0,0.0,1,9.416028924265568,2.215254833163101,0,4,4,"47ed045c:21,7a258283:6,8ccd70f8:2",0.931,0.163,0.186,0.206,0.958,0.051,0.763,0.096,0.555,0.118
75,0.0,0.0,1,9.483054925587464,2.2282872446065682,0,4,4,"47ed045c:21,7a258283:6,8ccd70f8:2",0.93,0.167,0.163,0.199,0.976,0.053,0.761,0.092,0.543,0.126
76,0.0,0.0,1,9.948457040703145,2.0830099367943875,0,4,4,"47ed045c:20,7a258283:7,8ccd70f8:2",0.926,0.17,0.13,0.193,0.983,0.053,0.77,0.092,0.543,0.123
77,0.0,0.0,1,10.023786171669926,2.0937130628276948,0,4,4,"47ed045c:20,7a258283:7,8ccd70f8:2",0.925,0.17,0.133,0.193,0.984,0.053,0.769,0.094,0.529,0.112
78,0.0,0.0,1,10.493015596172826,2.163673145141885,0,4,4,"47ed045c:20,7a258283:7,8ccd70f8:2",0.92,0.178,0.144,0.191,0.975,0.051,0.768,0.092,0.533,0.101
79,0.0,0.0,1,10.53692509810931,2.270723645561971,0,4,4,"47ed045c:20,7a258283:7,8ccd70f8:2",0.92,0.179,0.137,0.192,0.977,0.052,0.77,0.092,0.531,0.095
80,0.0,0.0,1,9.347742266695677,2.267462842182056,0,4,4,"47ed045c:20,7a258283:7,8ccd70f8:2",0.932,0.162,0.124,0.182,0.98,0.053,0.773,0.087,0.524,0.08
81,0.0,0.0,1,9.80540033362872,2.1242798825041485,0,4,4,"47ed045c:20,7a258283:8,288fc9cf:1",0.927,0.165,0.135,0.186,0.977,0.053,0.769,0.088,0.519,0.09
82,0.0,0.0,1,10.407611255994775,2.0902893599875623,0,3,3,"47ed045c:20,7a258283:9,288fc9cf:1",0.921,0.175,0.13,0.196,0.98,0.053,0.774,0.087,0.52,0.088
83,0.0,0.0,1,10.731409100397624,2.093547270726419,0,3,3,"47ed045c:20,7a258283:9,288fc9cf:1",0.918,0.18,0.145,0.205,0.971,0.051,0.777,0.092,0.525,0.094
84,0.0,0.0,1,10.68418618731979,2.0919172217063973,0,3,3,"47ed045c:20,7a258283:9,288fc9cf:1",0.918,0.175,0.124,0.19,0.979,0.053,0.782,0.091,0.521,0.099
85,0.0,0.0,1,9.349134438364826,2.1205239277532306,0,3,3,"47ed045c:20,7a258283:9,288fc9cf:1",0.932,0.157,0.123,0.19,0.975,0.053,0.782,0.091,0.521,0.108
86,0.0,0.0,1,9.862107348268266,2.103017009414315,0,3,3,"47ed045c:19,7a258283:10,288fc9cf:1",0.926,0.168,0.126,0.195,0.981,0.053,0.771,0.085,0.508,0.092
87,0.0,0.0,1,10.155232047047198,2.2669139857470793,0,3,3,"47ed045c:18,7a258283:11,288fc9cf:1",0.923,0.172,0.124,0.197,0.983,0.053,0.77,0.089,0.499,0.093
88,0.0,0.0,1,10.117043119424135,2.1069090916820854,0,3,3,"47ed045c:17,7a258283:12,288fc9cf:1",0.924,0.177,0.127,0.201,0.974,0.051,0.771,0.09,0.533,0.096
89,0.0,0.0,1,10.539303313105867,2.170658452407092,0,3,3,"47ed045c:16,7a258283:13,288fc9cf:1",0.92,0.177,0.145,0.208,0.968,0.051,0.769,0.087,0.545,0.113
90,0.0,0.0,1,10.442022745813441,2.202452687924541,0,3,3,"47ed045c:15,7a258283:14,288fc9cf:1",0.921,0.167,0.15,0.204,0.971,0.053,0.765,0.087,0.536,0.119
91,0.0,0.0,1,10.351897713599826,2.225125145539039,0,3,3,"47ed045c:15,7a258283:14,288fc9cf:1",0.921,0.162,0.14,0.198,0.983,0.053,0.763,0.089,0.518,0.127
92,0.0,0.0,1,10.122279700513044,2.222106183784,0,3,3,"7a258283:15,47ed045c:14,288fc9cf:1",0.924,0.165,0.146,0.197,0.978,0.052,0.765,0.087,0.522,0.118
93,0.0,0.0,1,9.890727718201518,2.2142885908565804,0,3,3,"7a258283:16,47ed045c:13,288fc9cf:1",0.926,0.168,0.147,0.192,0.97,0.051,0.765,0.084,0.528,0.11
94,0.0,0.0,1,9.212137419040298,2.1079830373852046,0,3,3,"7a258283:15,47ed045c:14,288fc9cf:1",0.933,0.171,0.151,0.195,0.964,0.05,0.767,0.086,0.529,0.108
95,0.0,0.0,1,9.791898159959878,2.234043738906675,0,3,3,"7a258283:16,47ed045c:13,288fc9cf:1",0.927,0.174,0.135,0.189,0.97,0.053,0.773,0.085,0.534,0.106
96,0.0,0.0,1,9.02616020779662,2.305848479612193,0,3,3,"7a258283:16,47ed045c:13,288fc9cf:1",0.935,0.167,0.124,0.185,0.967,0.054,0.775,0.088,0.527,0.11
97,0.0,0.0,1,9.995287056973313,2.109748870927325,0,3,3,"7a258283:17,47ed045c:12,288fc9cf:1",0.925,0.175,0.147,0.194,0.96,0.053,0.77,0.086,0.525,0.106
98,0.0,0.0,1,10.640126217067733,2.119364415638673,0,3,3,"7a258283:18,47ed045c:11,288fc9cf:1",0.919,0.177,0.166,0.201,0.954,0.053,0.765,0.088,0.527,0.119
99,0.0,0.0,1,10.924764646023831,2.221332679928459,0,3,3,"7a258283:18,47ed045c:11,288fc9cf:1",0.916,0.177,0.172,0.205,0.959,0.056,0.762,0.085,0.52,0.111
100,0.0,0.0,1,8.809383304272103,2.116105297699221,0,3,3,"7a258283:17,47ed045c:12,288fc9cf:1",0.937,0.142,0.166,0.204,0.961,0.054,0.761,0.088,0.521,0.118
101,0.0,0.0,1,9.27567382680408,2.1193028806800727,0,3,3,"7a258283:17,47ed045c:12,288fc9cf:1",0.932,0.15,0.172,0.216,0.96,0.056,0.762,0.091,0.516,0.12
102,0.0,0.0,1,8.30433523251975,2.118997334653325,0,3,3,"7a258283:16,47ed045c:13,288fc9cf:1",0.942,0.146,0.159,0.204,0.965,0.055,0.764,0.092,0.521,0.116
103,0.0,0.0,1,8.53718996407403,2.237612698076218,0,3,3,"7a258283:16,47ed045c:13,288fc9cf:1",0.94,0.161,0.152,0.206,0.973,0.056,0.761,0.09,0.51,0.12
104,0.0,0.0,1,9.057343206621452,2.264836466951208,0,3,3,"7a258283:15,47ed045c:14,288fc9cf:1",0.934,0.165,0.17,0.204,0.964,0.054,0.758,0.088,0.518,0.11
105,0.0,0.0,1,7.516181554082952,2.118683790238923,0,3,3,"7a258283:15,47ed045c:14,288fc9cf:1",0.95,0.129,0.165,0.203,0.96,0.055,0.758,0.087,0.519,0.107
106,0.0,0.0,1,8.521757750653906,2.1183888029042115,0,3,3,"7a258283:15,47ed045c:14,288fc9cf:1",0.94,0.149,0.177,0.206,0.956,0.055,0.754,0.084,0.514,0.104
107,0.0,0.0,1,9.03812408057728,2.271689400594312,0,3,3,"7a258283:15,47ed045c:14,288fc9cf:1",0.935,0.156,0.185,0.198,0.947,0.054,0.759,0.082,0.535,0.096
108,0.0,0.0,1,8.956586319879614,2.1170167530937385,0,3,3,"7a258283:15,47ed045c:14,288fc9cf:1",0.935,0.167,0.165,0.198,0.957,0.059,0.758,0.082,0.527,0.097
109,0.0,0.0,1,9.587041473970194,2.213388895932424,0,3,3,"7a258283:15,47ed045c:14,288fc9cf:1",0.929,0.171,0.154,0.193,0.96,0.057,0.765,0.081,0.529,0.101
110,0.0,0.0,1,10.002120771533543,2.239468856125273,0,3,3,"47ed045c:15,7a258283:14,288fc9cf:1",0.925,0.174,0.15,0.187,0.961,0.057,0.768,0.086,0.543,0.11
111,0.0,0.0,1,10.280313084205547,2.10924548497639,0,3,3,"7a258283:15,47ed045c:14,288fc9cf:1",0.922,0.167,0.143,0.177,0.968,0.055,0.762,0.078,0.522,0.097
112,0.0,0.0,1,9.542177920738892,2.1460448828249348,0,3,3,"7a258283:16,47ed045c:13,288fc9cf:1",0.93,0.162,0.136,0.184,0.971,0.055,0.76,0.08,0.517,0.1
113,0.0,0.0,1,9.140476065739282,2.1143813332047396,0,3,3,"7a258283:17,47ed045c:12,288fc9cf:1",0.934,0.165,0.148,0.193,0.966,0.055,0.753,0.078,0.521,0.093
114,0.0,0.0,1,7.7530153288280665,2.111752473289332,0,3,3,"7a258283:17,47ed045c:12,288fc9cf:1",0.947,0.136,0.135,0.191,0.964,0.056,0.755,0.078,0.513,0.095
115,0.0,0.0,1,8.361466146204487,2.2254043452379495,0,3,3,"7a258283:16,47ed045c:13,288fc9cf:1",0.941,0.155,0.151,0.198,0.956,0.055,0.749,0.076,0.51,0.102
116,0.0,0.0,1,9.141967152779834,2.1117811530165205,0,3,3,"7a258283:16,47ed045c:13,288fc9cf:1",0.934,0.161,0.153,0.21,0.957,0.058,0.746,0.078,0.512,0.111
117,0.0,0.0,1,9.943054327059093,2.328954854095291,0,3,3,"7a258283:17,47ed045c:12,288fc9cf:1",0.926,0.171,0.155,0.204,0.957,0.06,0.751,0.081,0.524,0.117
118,0.0,0.0,1,9.94282868804503,2.248970605325693,0,3,3,"7a258283:18,47ed045c:11,288fc9cf:1",0.926,0.172,0.16,0.212,0.958,0.061,0.754,0.079,0.526,0.11
119,0.0,0.0,1,9.17201621636487,2.22907211198889,0,3,3,"7a258283:19,47ed045c:10,288fc9cf:1",0.933,0.169,0.159,0.213,0.955,0.06,0.752,0.079,0.523,0.112
120,0.0,0.0,1,7.654701517205206,2.1328184188284225,0,3,3,"7a258283:19,47ed045c:10,288fc9cf:1",0.948,0.138,0.143,0.204,0.961,0.061,0.751,0.079,0.522,0.11
121,0.0,0.0,1,8.754568444633623,2.1098919287529334,0,3,3,"7a258283:18,47ed045c:11,288fc9cf:1",0.937,0.158,0.152,0.21,0.958,0.063,0.745,0.078,0.52,0.113
122,0.0,0.0,1,9.138059060967102,2.1321820340391264,0,3,3,"7a258283:18,47ed045c:11,288fc9cf:1",0.934,0.165,0.154,0.211,0.959,0.065,0.744,0.079,0.508,0.114
123,0.0,0.0,1,9.502784285766829,2.318217035466201,0,3,3,"7a258283:18,47ed045c:11,288fc9cf:1",0.93,0.17,0.152,0.207,0.954,0.066,0.747,0.076,0.525,0.108
124,0.0,0.0,1,8.865224849559018,2.1268392628022177,0,3,3,"7a258283:17,47ed045c:12,288fc9cf:1",0.936,0.166,0.14,0.206,0.953,0.068,0.756,0.084,0.537,0.119
125,0.0,0.0,1,9.529245612889635,2.26350196332915,0,3,3,"7a258283:18,47ed045c:11,288fc9cf:1",0.93,0.172,0.152,0.204,0.948,0.067,0.753,0.083,0.535,0.113
126,0.0,0.0,1,10.313671681437574,2.1308637459917037,0,3,3,"7a258283:18,47ed045c:11,288fc9cf:1",0.922,0.179,0.155,0.206,0.947,0.07,0.752,0.078,0.536,0.112
127,0.0,0.0,1,11.037001552184332,2.1354907186892236,0,3,3,"7a258283:17,47ed045c:12,288fc9cf:1",0.915,0.182,0.171,0.208,0.94,0.069,0.749,0.069,0.539,0.1
128,0.0,0.0,1,11.672070445887195,2.1348475404344147,0,3,3,"7a258283:16,47ed045c:13,288fc9cf:1",0.908,0.187,0.177,0.208,0.944,0.066,0.753,0.072,0.536,0.093
129,0.0,0.0,1,11.684627933985206,2.3328661446591075,0,3,3,"7a258283:16,47ed045c:13,288fc9cf:1",0.908,0.186,0.172,0.211,0.954,0.065,0.755,0.077,0.524,0.093
130,0.0,0.0,1,11.628469152172173,2.126116917011821,0,3,3,"7a258283:17,47ed045c:12,288fc9cf:1",0.909,0.185,0.186,0.211,0.945,0.063,0.755,0.076,0.528,0.088
131,0.0,0.0,1,11.92661228377062,2.244467266616763,0,3,3,"7a258283:17,47ed045c:12,288fc9cf:1",0.906,0.184,0.203,0.215,0.938,0.062,0.753,0.075,0.534,0.084
132,0.0,0.0,1,11.964881812272585,2.1262594830367485,0,3,3,"7a258283:16,47ed045c:13,288fc9cf:1",0.905,0.183,0.199,0.21,0.952,0.071,0.747,0.072,0.521,0.079
133,0.0,0.0,1,11.727985906627135,2.129986992694918,0,3,3,"7a258283:15,47ed045c:14,288fc9cf:1",0.908,0.178,0.206,0.208,0.953,0.071,0.743,0.071,0.515,0.082
134,0.0,0.0,1,11.707457315916296,2.1297226832260003,0,3,3,"7a258283:15,47ed045c:14,288fc9cf:1",0.908,0.179,0.21,0.211,0.944,0.069,0.746,0.079,0.523,0.096
135,0.0,0.0,1,11.230572283588458,2.1321063629760726,0,3,3,"47ed045c:15,7a258283:14,288fc9cf:1",0.913,0.174,0.199,0.202,0.952,0.059,0.75,0.078,0.526,0.091
136,0.0,0.0,1,11.339115083662016,2.282409652876345,0,3,3,"47ed045c:16,7a258283:13,288fc9cf:1",0.912,0.177,0.213,0.203,0.945,0.058,0.753,0.079,0.535,0.1
137,0.0,0.0,1,11.008747212047982,2.1268375926994896,0,3,3,"47ed045c:17,7a258283:12,288fc9cf:1",0.915,0.176,0.201,0.2,0.95,0.054,0.759,0.078,0.542,0.099
138,0.0,0.0,1,11.1330894357418,2.132340961695274,0,2,2,"47ed045c:17,7a258283:13",0.914,0.178,0.185,0.199,0.975,0.055,0.755,0.078,0.526,0.1
139,0.0,0.0,1,11.102280035738502,2.1293008697808773,0,2,2,"47ed045c:17,7a258283:13",0.914,0.176,0.176,0.189,0.975,0.056,0.76,0.079,0.521,0.095
140,0.0,0.0,1,11.17766674979619,2.240047817644269,0,2,2,"47ed045c:17,7a258283:13",0.913,0.177,0.19,0.196,0.967,0.055,0.76,0.079,0.525,0.098
141,0.0,0.0,1,9.751757901667315,2.1247662104606277,0,2,2,"47ed045c:17,7a258283:13",0.927,0.166,0.175,0.191,0.967,0.057,0.765,0.079,0.524,0.103
142,0.0,0.0,1,10.094760587867416,2.123678755747768,0,2,2,"47ed045c:18,7a258283:12",0.924,0.17,0.166,0.195,0.971,0.055,0.767,0.074,0.534,0.088
143,0.0,0.0,1,8.464163486290005,2.2802992475010346,0,2,2,"47ed045c:17,7a258283:13",0.94,0.139,0.145,0.188,0.967,0.055,0.776,0.075,0.555,0.093
144,0.0,0.0,1,7.569815368261781,2.2971737036937565,0,2,2,"47ed045c:17,7a258283:13",0.949,0.134,0.153,0.188,0.959,0.054,0.773,0.075,0.553,0.09
145,0.0,0.0,1,7.399419765912258,2.147838568951365,0,2,2,"47ed045c:17,7a258283:13",0.951,0.153,0.139,0.187,0.96,0.056,0.778,0.079,0.57,0.103
146,0.0,0.0,1,6.189611342917438,2.234394163328993,0,2,2,"47ed045c:16,7a258283:14",0.963,0.124,0.113,0.18,0.978,0.055,0.777,0.083,0.56,0.111
147,0.0,0.0,1,7.362335529187123,2.2563183417078516,0,2,2,"7a258283:15,47ed045c:15",0.951,0.145,0.113,0.18,0.973,0.054,0.781,0.083,0.581,0.105
148,0.0,0.0,1,8.612197965129004,2.16083310131324,0,2,2,"47ed045c:16,7a258283:14",0.939,0.162,0.114,0.187,0.973,0.055,0.778,0.081,0.566,0.102
149,0.0,0.0,1,9.451887611836135,2.277955457007968,0,2,2,"47ed045c:16,7a258283:14",0.93,0.173,0.127,0.183,0.964,0.054,0.778,0.086,0.573,0.108
150,0.0,0.0,1,9.837021752503606,2.245784773599469,0,2,2,"47ed045c:17,7a258283:13",0.927,0.178,0.127,0.184,0.963,0.055,0.782,0.087,0.576,0.112
151,0.0,0.0,1,10.304515835648672,2.1166339870487003,0,2,2,"47ed045c:17,7a258283:13",0.922,0.181,0.147,0.194,0.959,0.053,0.775,0.086,0.575,0.122
152,0.0,0.0,1,10.78414933429354,2.2272058048498335,0,2,2,"47ed045c:18,7a258283:12",0.917,0.18,0.159,0.196,0.952,0.052,0.773,0.084,0.578,0.111
153,0.0,0.0,1,9.381389489439119,2.117700794967014,0,2,2,"47ed045c:18,7a258283:12",0.931,0.161,0.159,0.188,0.943,0.051,0.772,0.087,0.582,0.107
154,0.0,0.0,1,8.08080803247726,2.254502172366041,0,2,2,"47ed045c:18,7a258283:12",0.944,0.149,0.153,0.173,0.935,0.05,0.773,0.086,0.586,0.102
155,0.0,0.0,1,8.863606236360605,2.1195416023114286,0,2,2,"47ed045c:18,7a258283:12",0.936,0.162,0.165,0.184,0.932,0.052,0.768,0.084,0.58,0.105
156,0.0,0.0,1,9.763201367069183,2.242472883719525,0,2,2,"47ed045c:17,7a258283:13",0.927,0.177,0.172,0.193,0.931,0.054,0.767,0.085,0.576,0.104
157,0.0,0.0,1,10.170828325490191,2.122592903085953,0,2,2,"47ed045c:17,7a258283:13",0.923,0.178,0.179,0.198,0.926,0.055,0.768,0.087,0.579,0.116
158,0.0,0.0,1,10.613386461574398,2.2729269302056223,0,2,2,"47ed045c:18,7a258283:12",0.919,0.174,0.191,0.196,0.92,0.055,0.77,0.091,0.587,0.118
159,0.0,0.0,1,10.24484758868719,2.1257388815743505,0,2,2,"47ed045c:18,7a258283:12",0.923,0.173,0.193,0.203,0.917,0.059,0.768,0.091,0.585,0.124
160,0.0,0.0,1,10.721982410639747,2.3669220409060787,0,2,2,"47ed045c:18,7a258283:12",0.918,0.177,0.205,0.207,0.912,0.059,0.763,0.09,0.578,0.123
161,0.0,0.0,1,9.827527883886898,2.2223189670515566,0,2,2,"47ed045c:19,7a258283:11",0.927,0.171,0.191,0.202,0.914,0.062,0.765,0.089,0.587,0.115
162,0.0,0.0,1,8.49372411741547,2.114345291031767,0,2,2,"47ed045c:19,7a258283:11",0.94,0.151,0.196,0.2,0.909,0.063,0.764,0.094,0.599,0.123
163,0.0,0.0,1,9.082948337076385,2.1274879512768416,0,2,2,"47ed045c:19,7a258283:11",0.934,0.166,0.209,0.202,0.905,0.062,0.762,0.096,0.589,0.124
164,0.0,0.0,1,8.456831298839752,2.2801453599842194,0,2,2,"47ed045c:19,7a258283:11",0.94,0.162,0.179,0.201,0.919,0.069,0.764,0.091,0.586,0.125
165,0.0,0.0,1,9.273860289579375,2.126564842047969,0,2,2,"47ed045c:19,7a258283:11",0.932,0.17,0.162,0.199,0.931,0.069,0.765,0.096,0.58,0.139
166,0.0,0.0,1,9.790911791289064,2.2517137982742046,0,2,2,"47ed045c:18,7a258283:12",0.927,0.171,0.181,0.205,0.924,0.068,0.762,0.099,0.577,0.138
167,0.0,0.0,1,9.965214473297776,2.215914739014232,0,2,2,"47ed045c:17,7a258283:13",0.925,0.172,0.191,0.204,0.918,0.067,0.766,0.1,0.58,0.137
168,0.0,0.0,1,10.693761405668917,2.2319636133991496,0,2,2,"47ed045c:17,7a258283:13",0.918,0.178,0.202,0.206,0.916,0.071,0.762,0.095,0.571,0.131
169,0.0,0.0,1,11.091142098830279,2.125742001755809,0,2,2,"47ed045c:16,7a258283:14",0.914,0.183,0.217,0.204,0.913,0.072,0.758,0.094,0.565,0.126
170,0.0,0.0,1,9.795662878797783,2.1223280272462572,0,2,2,"47ed045c:16,7a258283:14",0.927,0.166,0.198,0.199,0.906,0.071,0.767,0.089,0.575,0.118
171,0.0,0.0,1,10.206463327287576,2.289503423141084,0,2,2,"7a258283:15,47ed045c:15",0.923,0.172,0.184,0.194,0.931,0.068,0.765,0.086,0.553,0.109
172,0.0,0.0,1,10.461068802883394,2.171503799180968,0,2,2,"7a258283:16,47ed045c:14",0.92,0.178,0.183,0.189,0.925,0.067,0.764,0.086,0.554,0.105
173,0.0,0.0,1,10.77228602288546,2.276309701747911,0,2,2,"7a258283:17,47ed045c:13",0.917,0.177,0.18,0.189,0.935,0.069,0.764,0.083,0.549,0.1
174,0.0,0.0,1,10.888939007482524,2.2733064114855193,0,2,2,"7a258283:16,47ed045c:14",0.916,0.174,0.187,0.184,0.929,0.07,0.769,0.079,0.565,0.1
175,0.0,0.0,1,10.947206042288334,2.153021169651603,0,2,2,"7a258283:17,47ed045c:13",0.916,0.174,0.186,0.196,0.929,0.073,0.771,0.084,0.571,0.11
176,0.0,0.0,1,10.968256902822713,2.1229508467326683,0,2,2,"7a258283:17,47ed045c:13",0.915,0.174,0.191,0.2,0.924,0.073,0.77,0.087,0.575,0.115
177,0.0,0.0,1,8.58723492738019,2.2028239475669245,0,2,2,"7a258283:17,47ed045c:13",0.939,0.138,0.192,0.194,0.916,0.071,0.771,0.089,0.576,0.114
178,0.0,0.0,1,8.941596262856073,2.1188488440500213,0,2,2,"7a258283:18,47ed045c:12",0.936,0.151,0.197,0.191,0.909,0.071,0.77,0.087,0.581,0.109
179,0.0,0.0,1,7.165193455922786,2.2398258213368547,0,2,2,"7a258283:18,47ed045c:12",0.953,0.119,0.192,0.186,0.908,0.073,0.768,0.09,0.59,0.131
180,0.0,0.0,1,5.985054697227605,2.1156749568735695,0,2,2,"7a258283:17,47ed045c:13",0.965,0.094,0.191,0.184,0.902,0.073,0.769,0.089,0.593,0.131
181,0.0,0.0,1,5.5957324500058485,2.11649383010982,0,2,2,"7a258283:17,47ed045c:13",0.969,0.117,0.151,0.178,0.931,0.07,0.775,0.092,0.587,0.134
182,0.0,0.0,1,6.754725943563987,2.1832150504153764,0,2,2,"7a258283:16,47ed045c:14",0.957,0.151,0.159,0.189,0.934,0.069,0.77,0.092,0.575,0.127
183,0.0,0.0,1,8.13833337004298,2.136167845806203,0,2,2,"7a258283:16,47ed045c:14",0.944,0.164,0.17,0.192,0.931,0.069,0.772,0.089,0.577,0.136
184,0.0,0.0,1,9.314561562971079,2.1207963567971557,0,2,2,"7a258283:15,47ed045c:15",0.932,0.172,0.166,0.202,0.937,0.068,0.774,0.089,0.571,0.139
185,0.0,0.0,1,9.012387684828997,2.1230884700017505,0,2,2,"47ed045c:16,7a258283:14",0.935,0.167,0.146,0.192,0.947,0.07,0.773,0.087,0.557,0.143
186,0.0,0.0,1,9.963911593654341,2.124819312108269,0,2,2,"7a258283:15,47ed045c:15",0.925,0.172,0.138,0.19,0.963,0.061,0.766,0.085,0.531,0.137
187,0.0,0.0,1,8.96974818533528,2.252011116964966,0,2,2,"7a258283:15,47ed045c:15",0.935,0.158,0.14,0.188,0.958,0.061,0.763,0.085,0.54,0.134
188,0.0,0.0,1,9.502373958960975,2.1300539758896404,0,2,2,"7a258283:15,47ed045c:15",0.93,0.166,0.131,0.192,0.968,0.059,0.769,0.087,0.533,0.133
189,0.0,0.0,1,9.815900428076436,2.1315696271043096,0,2,2,"7a258283:16,47ed045c:14",0.927,0.172,0.137,0.196,0.967,0.058,0.767,0.089,0.531,0.138
190,0.0,0.0,1,10.202918547870258,2.1293024833438174,0,2,2,"7a258283:17,47ed045c:13",0.923,0.175,0.158,0.203,0.959,0.057,0.772,0.086,0.542,0.134
191,0.0,0.0,1,8.572798453108733,2.2829187730660614,0,2,2,"7a258283:17,47ed045c:13",0.939,0.145,0.148,0.202,0.963,0.056,0.771,0.082,0.539,0.136
192,0.0,0.0,1,9.242731547446734,2.3325411451517684,0,2,2,"7a258283:16,47ed045c:14",0.933,0.159,0.165,0.206,0.955,0.054,0.77,0.086,0.554,0.139
193,0.0,0.0,1,9.728134988722745,2.219589196971974,0,2,2,"7a258283:16,47ed045c:14",0.928,0.162,0.181,0.212,0.948,0.054,0.767,0.085,0.552,0.137
194,0.0,0.0,1,9.982834002410495,2.290513037094394,0,2,2,"7a258283:16,47ed045c:14",0.925,0.165,0.202,0.214,0.94,0.053,0.761,0.087,0.553,0.137
195,0.0,0.0,1,8.602425999252672,2.1246475368124393,0,2,2,"7a258283:17,47ed045c:13",0.939,0.153,0.187,0.205,0.943,0.056,0.76,0.085,0.55,0.134
196,0.0,0.0,1,8.468221018684078,2.13240221809716,0,2,2,"7a258283:17,47ed045c:13",0.94,0.165,0.185,0.201,0.936,0.056,0.762,0.085,0.556,0.129
197,0.0,0.0,1,9.36777817044546,2.1338909345456423,0,2,2,"7a258283:18,47ed045c:12",0.931,0.173,0.183,0.199,0.933,0.058,0.765,0.084,0.575,0.125
198,0.0,0.0,1,10.524479841503778,2.2885782343551395,0,2,2,"7a258283:18,47ed045c:12",0.92,0.184,0.187,0.2,0.928,0.058,0.763,0.086,0.579,0.125
199,0.0,0.0,1,9.256204901350923,2.1307590290230456,0,2,2,"7a258283:18,47ed045c:12",0.932,0.16,0.18,0.201,0.92,0.056,0.767,0.085,0.594,0.132
200,0.0,0.0,1,9.158451206612945,2.13934977688975,0,2,2,"7a258283:19,47ed045c:11",0.933,0.162,0.17,0.202,0.927,0.062,0.765,0.085,0.587,0.134
201,0.0,0.0,1,9.91040185088554,2.2962079119672363,0,2,2,"7a258283:20,47ed045c:10",0.926,0.171,0.19,0.206,0.921,0.063,0.76,0.087,0.587,0.139
202,0.0,0.0,1,8.226423446183308,2.2535290499936806,0,2,2,"7a258283:20,47ed045c:10",0.943,0.138,0.174,0.207,0.923,0.066,0.768,0.095,0.593,0.144
203,0.0,0.0,1,8.845926358779046,2.1325408535304216,0,2,2,"7a258283:20,47ed045c:10",0.937,0.152,0.182,0.209,0.928,0.072,0.763,0.09,0.578,0.145
204,0.0,0.0,1,9.18557402428859,2.1324524017727016,0,2,2,"7a258283:21,47ed045c:9",0.933,0.158,0.181,0.204,0.928,0.072,0.767,0.089,0.581,0.138
205,0.0,0.0,1,9.828426394197143,2.1268308279341603,0,2,2,"7a258283:22,47ed045c:8",0.927,0.168,0.184,0.198,0.924,0.074,0.771,0.09,0.586,0.136
206,0.0,0.0,1,10.0907482519101,2.130086339316763,0,2,2,"7a258283:23,47ed045c:7",0.924,0.174,0.194,0.195,0.923,0.075,0.765,0.088,0.573,0.137
207,0.0,0.0,1,10.607827588785765,2.1310442426201326,0,2,2,"7a258283:23,47ed045c:7",0.919,0.178,0.207,0.202,0.921,0.077,0.762,0.092,0.571,0.142
208,0.0,0.0,1,10.902476731970655,2.198342207525917,0,2,2,"7a258283:22,47ed045c:8",0.916,0.18,0.207,0.19,0.922,0.079,0.764,0.089,0.57,0.134
209,0.0,0.0,1,8.917496545732053,2.277888935571526,0,2,2,"7a258283:23,47ed045c:7",0.936,0.146,0.203,0.183,0.914,0.077,0.764,0.089,0.583,0.135
210,0.0,0.0,1,9.328685929157412,2.3005742963112494,0,2,2,"7a258283:23,47ed045c:7",0.932,0.161,0.199,0.183,0.909,0.078,0.767,0.086,0.585,0.128
211,0.0,0.0,1,7.912078661155608,2.116248884700402,0,2,2,"7a258283:23,47ed045c:7",0.946,0.131,0.194,0.178,0.901,0.076,0.77,0.089,0.594,0.12
212,0.0,0.0,1,8.673501035637411,2.1325373112416854,0,2,2,"7a258283:24,47ed045c:6",0.938,0.151,0.199,0.173,0.894,0.076,0.771,0.087,0.607,0.109
213,0.0,0.0,1,8.193781364594667,2.3520623868853594,0,2,2,"7a258283:24,47ed045c:6",0.943,0.158,0.199,0.188,0.898,0.086,0.768,0.086,0.596,0.107
214,0.0,0.0,1,6.85447084877112,2.125934579342678,0,2,2,"7a258283:24,47ed045c:6",0.956,0.131,0.186,0.183,0.891,0.084,0.775,0.091,0.608,0.103
215,0.0,0.0,1,8.075712637673472,2.2884814424221886,0,2,2,"7a258283:24,47ed045c:6",0.944,0.15,0.195,0.187,0.887,0.085,0.773,0.09,0.612,0.107
216,0.0,0.0,1,6.913242781563413,2.1079548602370677,0,2,2,"7a258283:24,47ed045c:6",0.956,0.123,0.193,0.187,0.879,0.084,0.771,0.092,0.618,0.104
217,0.0,0.0,1,8.009729703238024,2.111232021541969,0,2,2,"7a258283:24,47ed045c:6",0.945,0.151,0.206,0.188,0.882,0.092,0.763,0.087,0.605,0.098
218,0.0,0.0,1,9.0660697629849,2.2545585640588683,0,2,2,"7a258283:24,47ed045c:6",0.934,0.164,0.207,0.186,0.882,0.09,0.765,0.084,0.617,0.106
219,0.0,0.0,1,7.913986592258379,2.261017688304844,0,2,2,"7a258283:24,47ed045c:6",0.946,0.149,0.198,0.192,0.878,0.091,0.768,0.089,0.617,0.116
220,0.0,0.0,1,8.952831582667518,2.231278654817107,0,2,2,"7a258283:25,47ed045c:5",0.935,0.165,0.201,0.187,0.871,0.09,0.775,0.087,0.629,0.11
221,0.0,0.0,1,7.406751401089112,2.203024533246643,0,2,2,"7a258283:25,47ed045c:5",0.951,0.135,0.202,0.185,0.864,0.088,0.773,0.088,0.634,0.112
222,0.0,0.0,1,8.188702411307395,2.2691221985161727,0,2,2,"7a258283:25,47ed045c:5",0.943,0.149,0.196,0.196,0.866,0.097,0.775,0.09,0.629,0.11
223,0.0,0.0,1,6.981317061268667,2.251736520276528,0,2,2,"7a258283:25,47ed045c:5",0.955,0.117,0.182,0.192,0.86,0.097,0.784,0.098,0.647,0.119
224,0.0,0.0,1,7.634749347622813,2.274280513425724,0,2,2,"7a258283:25,47ed045c:5",0.949,0.139,0.175,0.195,0.856,0.097,0.786,0.097,0.647,0.116
225,0.0,0.0,1,8.395252704923186,2.27189420612563,0,2,2,"7a258283:25,47ed045c:5",0.941,0.153,0.178,0.199,0.869,0.102,0.777,0.093,0.623,0.116
226,0.0,0.0,1,6.999453208837601,2.104076351934848,0,2,2,"7a258283:25,47ed045c:5",0.955,0.126,0.174,0.202,0.863,0.101,0.783,0.104,0.641,0.132
227,0.0,0.0,1,7.719241534703745,2.0988640977205764,0,2,2,"7a258283:25,47ed045c:5",0.948,0.146,0.181,0.197,0.862,0.102,0.782,0.101,0.648,0.128
228,0.0,0.0,1,8.721570263973216,2.225960440470439,0,2,2,"7a258283:26,47ed045c:4",0.938,0.162,0.189,0.196,0.856,0.101,0.79,0.099,0.661,0.127
229,0.0,0.0,1,9.026347219674637,2.1033705620614462,0,2,2,"7a258283:26,47ed045c:4",0.935,0.171,0.187,0.195,0.851,0.101,0.788,0.1,0.66,0.121
230,0.0,0.0,1,10.000006440119426,2.2242258493377944,0,2,2,"7a258283:26,47ed045c:4",0.925,0.177,0.194,0.204,0.854,0.098,0.792,0.096,0.658,0.122
231,0.0,0.0,1,8.354589751519324,2.1225723064444972,0,2,2,"7a258283:26,47ed045c:4",0.941,0.141,0.185,0.194,0.847,0.096,0.794,0.097,0.671,0.126
232,0.0,0.0,1,6.911175175151531,2.1008088080000555,0,2,2,"7a258283:26,47ed045c:4",0.956,0.113,0.18,0.19,0.84,0.094,0.795,0.097,0.674,0.129
233,0.0,0.0,1,6.935275311224836,2.1038051821094856,0,2,2,"7a258283:26,47ed045c:4",0.956,0.132,0.183,0.197,0.834,0.094,0.795,0.098,0.676,0.138
234,0.0,0.0,1,7.985103968308585,2.1009320410031487,0,2,2,"7a258283:26,47ed045c:4",0.945,0.151,0.17,0.198,0.832,0.096,0.803,0.092,0.688,0.126
235,0.0,0.0,1,8.849846637552293,2.102227783023184,0,2,2,"7a258283:26,47ed045c:4",0.937,0.168,0.174,0.195,0.837,0.098,0.805,0.088,0.683,0.126
236,0.0,0.0,1,9.65314111938496,2.219917540867631,0,2,2,"7a258283:26,47ed045c:4",0.928,0.176,0.183,0.193,0.836,0.101,0.801,0.088,0.677,0.121
237,0.0,0.0,1,10.393338960649691,2.294445604011266,0,2,2,"7a258283:26,47ed045c:4",0.921,0.181,0.195,0.191,0.835,0.104,0.796,0.086,0.68,0.129
238,0.0,0.0,1,8.944782946887113,2.1371145303963273,0,2,2,"7a258283:26,47ed045c:4",0.936,0.154,0.173,0.181,0.836,0.108,0.8,0.085,0.683,0.124
239,0.0,0.0,1,9.695351880180242,2.3144284383313307,0,2,2,"7a258283:27,47ed045c:3",0.928,0.164,0.192,0.188,0.832,0.108,0.8,0.087,0.678,0.126
240,0.0,0.0,1,7.799156450071911,2.2208942728758583,0,2,2,"7a258283:27,47ed045c:3",0.947,0.132,0.193,0.185,0.826,0.107,0.796,0.085,0.675,0.127
241,0.0,0.0,1,8.082239228967346,2.1116997453039756,0,2,2,"7a258283:27,47ed045c:3",0.944,0.146,0.199,0.188,0.829,0.108,0.794,0.085,0.668,0.126
242,0.0,0.0,1,8.712655751441241,2.2916956151872325,0,2,2,"7a258283:27,47ed045c:3",0.938,0.158,0.2,0.186,0.826,0.11,0.792,0.084,0.664,0.12
243,0.0,0.0,1,9.213043939942683,2.1061165931676262,0,2,2,"7a258283:26,47ed045c:4",0.933,0.164,0.191,0.198,0.824,0.112,0.8,0.087,0.676,0.127
244,0.0,0.0,1,9.703475610708551,2.131780012594257,0,2,2,"7a258283:26,47ed045c:4",0.928,0.166,0.2,0.204,0.829,0.12,0.794,0.085,0.661,0.125
245,0.0,0.0,1,9.939960658772332,2.111271317181205,0,2,2,"7a258283:26,47ed045c:4",0.926,0.169,0.202,0.208,0.825,0.12,0.793,0.087,0.659,0.128
246,0.0,0.0,1,8.448734070290085,2.288838678397253,0,2,2,"7a258283:26,47ed045c:4",0.941,0.151,0.199,0.208,0.823,0.122,0.792,0.091,0.657,0.132
247,0.0,0.0,1,9.071483584055914,2.2808128124122677,0,2,2,"7a258283:26,47ed045c:4",0.934,0.161,0.2,0.199,0.828,0.122,0.794,0.091,0.656,0.128
248,0.0,0.0,1,9.700123973209104,2.118059687819039,0,2,2,"7a258283:26,47ed045c:4",0.928,0.169,0.204,0.202,0.828,0.126,0.79,0.085,0.65,0.127
249,0.0,0.0,1,10.116244541150305,2.272109445394965,0,2,2,"7a258283:26,47ed045c:4",0.924,0.175,0.194,0.189,0.824,0.126,0.796,0.086,0.656,0.125
250,0.0,0.0,1,10.430778981068189,2.1242376067348387,0,2,2,"7a258283:26,47ed045c:4",0.921,0.176,0.199,0.196,0.829,0.125,0.798,0.085,0.656,0.131
251,0.0,0.0,1,10.723469692512884,2.2319017994679644,0,2,2,"7a258283:26,47ed045c:4",0.918,0.178,0.193,0.197,0.827,0.127,0.801,0.089,0.66,0.133
252,0.0,0.0,1,10.850332377156391,2.1497298412277885,0,2,2,"7a258283:26,47ed045c:4",0.916,0.18,0.202,0.196,0.83,0.127,0.797,0.084,0.661,0.14
253,0.0,0.0,1,9.490397068276492,2.2455722149952178,0,2,2,"7a258283:26,47ed045c:4",0.93,0.164,0.195,0.196,0.824,0.126,0.8,0.089,0.661,0.142
254,0.0,0.0,1,7.633266465192435,2.255374555481075,0,2,2,"7a258283:26,47ed045c:4",0.949,0.127,0.186,0.192,0.824,0.13,0.801,0.084,0.659,0.141
255,0.0,0.0,1,8.334426878900047,2.1225632920214466,0,2,2,"7a258283:26,47ed045c:4",0.942,0.149,0.198,0.201,0.829,0.135,0.793,0.084,0.652,0.138
256,0.0,0.0,1,8.822666654320773,2.1258986408622844,0,2,2,"7a258283:25,47ed045c:5",0.937,0.163,0.192,0.194,0.826,0.135,0.797,0.082,0.65,0.135
257,0.0,0.0,1,8.826812236038243,2.210139759655027,0,2,2,"7a258283:25,47ed045c:5",0.937,0.17,0.197,0.198,0.821,0.134,0.794,0.085,0.649,0.134
258,0.0,0.0,1,7.4219462532483345,2.1248862172351357,0,2,2,"7a258283:24,47ed045c:6",0.951,0.14,0.19,0.189,0.814,0.131,0.795,0.084,0.657,0.129
259,0.0,0.0,1,8.628489715489275,2.2752484240434505,0,2,2,"7a258283:24,47ed045c:6",0.939,0.161,0.179,0.194,0.841,0.127,0.795,0.087,0.645,0.139
260,0.0,0.0,1,9.396066259978015,2.2626893063916835,0,2,2,"7a258283:25,47ed045c:5",0.931,0.166,0.167,0.199,0.855,0.126,0.796,0.088,0.64,0.141
261,0.0,0.0,1,9.624737294065913,2.2341436615749646,0,2,2,"7a258283:24,47ed045c:6",0.929,0.166,0.182,0.199,0.853,0.127,0.79,0.085,0.632,0.137
262,0.0,0.0,1,10.345944849748728,2.2083797315087192,0,2,2,"7a258283:23,47ed045c:7",0.922,0.175,0.174,0.198,0.849,0.126,0.796,0.086,0.642,0.134
263,0.0,0.0,1,10.311936381014254,2.2180525059654443,0,2,2,"7a258283:24,47ed045c:6",0.922,0.179,0.176,0.193,0.843,0.124,0.796,0.086,0.649,0.133
264,0.0,0.0,1,11.09788048259777,2.123510437979836,0,2,2,"7a258283:24,47ed045c:6",0.914,0.183,0.179,0.19,0.838,0.124,0.795,0.086,0.655,0.126
265,0.0,0.0,1,10.274833951787329,2.1276213166271223,0,2,2,"7a258283:25,47ed045c:5",0.922,0.177,0.178,0.187,0.836,0.126,0.793,0.089,0.657,0.125
266,0.0,0.0,1,9.177587839375668,2.231097816607572,0,2,2,"7a258283:26,47ed045c:4",0.933,0.167,0.188,0.191,0.831,0.125,0.788,0.088,0.651,0.126
267,0.0,0.0,1,9.597002665818431,2.294625961698871,0,2,2,"7a258283:26,47ed045c:4",0.929,0.172,0.21,0.192,0.834,0.124,0.775,0.078,0.629,0.117
268,0.0,0.0,1,10.06423405059822,2.132168263744132,0,2,2,"7a258283:26,47ed045c:4",0.924,0.174,0.211,0.199,0.833,0.128,0.775,0.074,0.63,0.11
269,0.0,0.0,1,10.415752393917673,2.132469343332315,0,2,2,"7a258283:26,47ed045c:4",0.921,0.172,0.212,0.202,0.83,0.128,0.778,0.074,0.629,0.106
270,0.0,0.0,1,9.998876633716197,2.3341742194041735,0,2,2,"7a258283:26,47ed045c:4",0.925,0.175,0.208,0.2,0.825,0.127,0.78,0.07,0.632,0.104
271,0.0,0.0,1,10.172919935925814,2.132339606132185,0,2,2,"7a258283:26,47ed045c:4",0.923,0.176,0.207,0.203,0.83,0.132,0.781,0.072,0.628,0.102
272,0.0,0.0,1,8.899390490454305,2.250434375556316,0,2,2,"7a258283:26,47ed045c:4",0.936,0.159,0.182,0.205,0.849,0.125,0.782,0.072,0.619,0.102
273,0.0,0.0,1,9.645720718548748,2.311010635486348,0,2,2,"7a258283:27,47ed045c:3",0.929,0.172,0.19,0.198,0.843,0.123,0.782,0.07,0.622,0.097
274,0.0,0.0,1,9.668850783097756,2.132818917678658,0,2,2,"7a258283:27,47ed045c:3",0.928,0.169,0.205,0.2,0.843,0.127,0.781,0.072,0.621,0.105
275,0.0,0.0,1,9.95381641134515,2.134060101065485,0,2,2,"7a258283:26,47ed045c:4",0.925,0.166,0.215,0.194,0.848,0.126,0.78,0.073,0.615,0.095
276,0.0,0.0,1,10.148883484082562,2.328423145985334,0,2,2,"7a258283:27,47ed045c:3",0.924,0.165,0.226,0.193,0.848,0.125,0.772,0.069,0.607,0.095
277,0.0,0.0,1,10.412881886246252,2.2048115692944332,0,2,2,"7a258283:27,47ed045c:3",0.921,0.169,0.232,0.199,0.844,0.125,0.768,0.07,0.598,0.103
278,0.0,0.0,1,10.268682467105355,2.1428004336303297,0,2,2,"7a258283:28,47ed045c:2",0.922,0.171,0.247,0.194,0.838,0.124,0.767,0.068,0.598,0.093
279,0.0,0.0,1,9.998854065296264,2.329550275723793,0,2,2,"7a258283:28,47ed045c:2",0.925,0.172,0.236,0.198,0.834,0.124,0.771,0.071,0.6,0.096
280,0.0,0.0,1,8.294464707078438,2.13564157185492,0,2,2,"7a258283:28,47ed045c:2",0.942,0.141,0.229,0.192,0.829,0.124,0.771,0.072,0.599,0.097
281,0.0,0.0,1,8.68930179294712,2.2546531159211436,0,2,2,"7a258283:28,47ed045c:2",0.938,0.149,0.212,0.193,0.841,0.123,0.773,0.074,0.595,0.098
282,0.0,0.0,1,9.305573687011218,2.238046735187781,0,2,2,"7a258283:28,47ed045c:2",0.932,0.161,0.196,0.198,0.858,0.12,0.781,0.079,0.604,0.101
283,0.0,0.0,1,9.90680336736786,2.3124615777780204,0,2,2,"7a258283:28,47ed045c:2",0.926,0.171,0.215,0.2,0.863,0.118,0.774,0.078,0.582,0.091
284,0.0,0.0,1,8.681623553633363,2.1300594104529473,0,2,2,"7a258283:28,47ed045c:2",0.938,0.158,0.207,0.189,0.856,0.117,0.778,0.079,0.594,0.095
285,0.0,0.0,1,9.293444280109721,2.133178505905083,0,2,2,"7a258283:28,47ed045c:2",0.932,0.169,0.215,0.187,0.864,0.109,0.777,0.08,0.59,0.093
286,0.0,0.0,1,10.066381585251943,2.241401964261872,0,2,2,"7a258283:28,47ed045c:2",0.924,0.174,0.219,0.193,0.864,0.11,0.781,0.079,0.603,0.102
287,0.0,0.0,1,10.731232170360373,2.2885032026000625,0,2,2,"7a258283:28,47ed045c:2",0.918,0.177,0.217,0.196,0.86,0.11,0.787,0.081,0.615,0.107
288,0.0,0.0,1,10.990412485650966,2.1255739538381757,0,2,2,"7a258283:28,47ed045c:2",0.915,0.177,0.215,0.204,0.86,0.114,0.788,0.084,0.613,0.116
289,0.0,0.0,1,10.720843558530703,2.125262259706698,0,2,2,"7a258283:28,47ed045c:2",0.918,0.175,0.216,0.206,0.856,0.114,0.79,0.086,0.622,0.121
290,0.0,0.0,1,8.67853039636868,2.1231448460938442,0,2,2,"7a258283:28,47ed045c:2",0.938,0.139,0.213,0.201,0.849,0.111,0.79,0.089,0.631,0.133
291,0.0,0.0,1,7.628227282981326,2.1272463302913023,0,2,2,"7a258283:28,47ed045c:2",0.949,0.134,0.211,0.199,0.843,0.11,0.791,0.092,0.64,0.134
292,0.0,0.0,1,8.38106500689297,2.130604595796307,0,2,2,"7a258283:28,47ed045c:2",0.941,0.153,0.214,0.201,0.841,0.111,0.789,0.092,0.633,0.131
293,0.0,0.0,1,8.559203275745281,2.31912083195999,0,2,2,"7a258283:28,47ed045c:2",0.939,0.159,0.226,0.209,0.842,0.117,0.782,0.089,0.625,0.137
294,0.0,0.0,1,8.892316962332849,2.284183482005928,0,2,2,"7a258283:28,47ed045c:2",0.936,0.162,0.225,0.202,0.84,0.116,0.78,0.085,0.621,0.133
295,0.0,0.0,1,7.731212757243351,2.1359374670401015,0,2,2,"7a258283:28,47ed045c:2",0.948,0.142,0.219,0.194,0.834,0.114,0.781,0.083,0.623,0.134
296,0.0,0.0,1,8.263752969920372,2.1598276628292763,0,2,2,"7a258283:28,47ed045c:2",0.942,0.154,0.199,0.193,0.835,0.117,0.787,0.087,0.629,0.135
297,0.0,0.0,1,9.314926144431784,2.1343714735328443,0,2,2,"7a258283:28,47ed045c:2",0.932,0.169,0.2,0.195,0.831,0.118,0.784,0.086,0.629,0.122
298,0.0,0.0,1,9.880135655522759,2.1384257794925876,0,2,2,"7a258283:28,47ed045c:2",0.926,0.171,0.212,0.202,0.831,0.12,0.782,0.089,0.621,0.126
299,0.0,0.0,1,10.443622086086206,2.1325842965208466,0,2,2,"7a258283:28,47ed045c:2",0.921,0.177,0.208,0.189,0.83,0.122,0.787,0.088,0.628,0.128
300,0.0,0.0,1,9.80050604407063,2.1402535964712612,0,2,2,"7a258283:28,47ed045c:2",0.927,0.176,0.213,0.19,0.824,0.12,0.784,0.091,0.626,0.127
301,0.0,0.0,1,10.120840248223637,2.2240339936742055,0,2,2,"7a258283:28,47ed045c:2",0.924,0.173,0.197,0.191,0.852,0.114,0.784,0.09,0.613,0.118
302,0.0,0.0,1,10.122153806249491,2.1384860958916345,0,2,2,"7a258283:28,47ed045c:2",0.924,0.169,0.161,0.18,0.882,0.105,0.788,0.091,0.6,0.123
303,0.0,0.0,1,10.117445948868747,2.2620310037856286,0,2,2,"7a258283:28,47ed045c:2",0.924,0.165,0.169,0.184,0.88,0.106,0.786,0.094,0.595,0.123
304,0.0,0.0,1,10.169025035944603,2.3056697329397418,0,2,2,"7a258283:28,47ed045c:2",0.923,0.166,0.182,0.179,0.88,0.106,0.785,0.091,0.6,0.127
305,0.0,0.0,1,10.221309072397274,2.137139703900605,0,2,2,"7a258283:28,47ed045c:2",0.923,0.168,0.194,0.185,0.882,0.106,0.783,0.092,0.603,0.125
306,0.0,0.0,1,10.374752380803601,2.141922273741415,0,2,2,"7a258283:28,47ed045c:2",0.921,0.171,0.208,0.19,0.89,0.1,0.772,0.087,0.586,0.118
307,0.0,0.0,1,8.148816023940089,2.145443842243057,0,2,2,"7a258283:28,47ed045c:2",0.944,0.134,0.213,0.188,0.885,0.1,0.768,0.084,0.587,0.115
308,0.0,0.0,1,8.637276513516902,2.325793571308917,0,2,2,"7a258283:28,47ed045c:2",0.939,0.149,0.211,0.188,0.886,0.098,0.774,0.085,0.588,0.113
309,0.0,0.0,1,8.44263357792543,2.141991616078963,0,2,2,"7a258283:28,47ed045c:2",0.941,0.164,0.206,0.182,0.882,0.096,0.775,0.086,0.586,0.114
310,0.0,0.0,1,9.110918861556092,2.1420216600216135,0,2,2,"7a258283:29,47ed045c:1",0.934,0.167,0.218,0.189,0.883,0.096,0.773,0.08,0.589,0.097
311,0.0,0.0,1,9.92370325343024,2.291104359107468,0,2,2,"7a258283:29,47ed045c:1",0.926,0.177,0.221,0.19,0.887,0.099,0.776,0.082,0.587,0.089
312,0.0,0.0,1,8.192411310226026,2.1334598143674044,0,2,2,"7a258283:29,47ed045c:1",0.943,0.143,0.218,0.189,0.88,0.097,0.775,0.082,0.584,0.087
313,0.0,0.0,1,9.101543522528226,2.1334916170065883,0,2,2,"7a258283:29,47ed045c:1",0.934,0.157,0.224,0.195,0.877,0.098,0.775,0.081,0.585,0.093
314,0.0,0.0,1,9.485167861905126,2.20433451360248,0,2,2,"7a258283:29,47ed045c:1",0.93,0.163,0.222,0.189,0.873,0.099,0.775,0.079,0.588,0.098
315,0.0,0.0,1,8.789696760041233,2.1313300923233687,0,2,2,"7a258283:29,47ed045c:1",0.937,0.161,0.214,0.192,0.867,0.099,0.779,0.082,0.595,0.104
316,0.0,0.0,1,7.065895701505105,2.128047153175914,0,2,2,"7a258283:29,47ed045c:1",0.954,0.13,0.205,0.181,0.86,0.096,0.782,0.083,0.607,0.104
317,0.0,0.0,1,8.17152457106624,2.2706571599591276,0,2,2,"7a258283:29,47ed045c:1",0.943,0.152,0.216,0.185,0.854,0.096,0.778,0.078,0.612,0.102
318,0.0,0.0,1,8.837235275113095,2.2809571071036423,0,2,2,"7a258283:29,47ed045c:1",0.937,0.158,0.213,0.19,0.851,0.097,0.779,0.077,0.623,0.116
319,0.0,0.0,1,9.67541479264443,2.283273659568649,0,2,2,"7a258283:29,47ed045c:1",0.928,0.17,0.221,0.191,0.854,0.101,0.774,0.074,0.625,0.119
320,0.0,0.0,1,9.878845131935309,2.130173884994896,0,2,2,"7a258283:29,47ed045c:1",0.926,0.177,0.23,0.193,0.849,0.102,0.77,0.075,0.616,0.115
321,0.0,0.0,1,10.546641829191564,2.32879814238702,0,2,2,"7a258283:29,47ed045c:1",0.92,0.182,0.248,0.195,0.847,0.103,0.762,0.073,0.609,0.118
322,0.0,0.0,1,10.973364223083562,2.2976907673762335,0,2,2,"7a258283:29,47ed045c:1",0.915,0.181,0.235,0.195,0.848,0.105,0.765,0.071,0.621,0.11
323,0.0,0.0,1,9.04675551130324,2.1312719402700333,0,2,2,"7a258283:29,47ed045c:1",0.935,0.145,0.237,0.196,0.842,0.104,0.765,0.076,0.617,0.111
324,0.0,0.0,1,7.7933739037097425,2.1276305626915177,0,2,2,"7a258283:29,47ed045c:1",0.947,0.136,0.235,0.194,0.836,0.103,0.768,0.085,0.627,0.112
325,0.0,0.0,1,8.311901042237574,2.1249877211876744,0,2,2,"7a258283:29,47ed045c:1",0.942,0.153,0.225,0.203,0.832,0.103,0.776,0.088,0.637,0.125
326,0.0,0.0,1,8.868293818648384,2.123320615364494,0,2,2,"7a258283:29,47ed045c:1",0.936,0.161,0.228,0.199,0.829,0.105,0.782,0.091,0.646,0.127
327,0.0,0.0,1,9.494249632582854,2.231697253689337,0,1,1,7a258283:30,0.93,0.17,0.245,0.194,0.824,0.104,0.777,0.088,0.637,0.125
328,0.0,0.0,1,10.11277414634134,2.1266548575148727,0,1,1,7a258283:30,0.924,0.176,0.237,0.198,0.82,0.106,0.782,0.09,0.643,0.131
329,0.0,0.0,1,10.85679891093892,2.1598801196491784,0,1,1,7a258283:30,0.916,0.182,0.253,0.201,0.821,0.108,0.775,0.089,0.626,0.121
330,0.0,0.0,1,8.74484166024169,2.2909940938031825,0,1,1,7a258283:30,0.938,0.143,0.246,0.197,0.817,0.107,0.776,0.089,0.626,0.12
331,0.0,0.0,1,7.2511329062484675,2.276363661471164,0,1,1,7a258283:30,0.952,0.108,0.243,0.186,0.811,0.105,0.775,0.087,0.628,0.114
332,0.0,0.0,1,5.785036645539228,2.2738406654923042,0,1,1,7a258283:30,0.967,0.077,0.24,0.173,0.804,0.103,0.774,0.084,0.628,0.106
333,0.0,0.0,1,6.329680047285696,2.302538699873909,0,1,1,7a258283:30,0.962,0.121,0.246,0.175,0.807,0.105,0.772,0.086,0.632,0.11
334,0.0,0.0,1,7.004048249160086,2.3446149594651544,0,1,1,7a258283:30,0.955,0.149,0.246,0.184,0.805,0.105,0.771,0.085,0.627,0.11
335,0.0,0.0,1,8.367135351413957,2.1502343914392923,0,1,1,7a258283:30,0.941,0.168,0.238,0.187,0.802,0.106,0.773,0.088,0.63,0.119
336,0.0,0.0,1,9.371657061029742,2.12187794808139,0,1,1,7a258283:30,0.931,0.175,0.249,0.194,0.803,0.11,0.771,0.093,0.632,0.136
337,0.0,0.0,1,10.349090934663543,2.319381052030681,0,1,1,7a258283:30,0.922,0.181,0.257,0.194,0.808,0.111,0.768,0.088,0.621,0.132
338,0.0,0.0,1,10.370389275930876,2.1521963536277258,0,1,1,7a258283:30,0.921,0.18,0.246,0.197,0.81,0.11,0.77,0.089,0.619,0.132
339,0.0,0.0,1,8.500549458086018,2.244826040498208,0,1,1,7a258283:30,0.94,0.14,0.247,0.192,0.804,0.108,0.767,0.088,0.621,0.13
340,0.0,0.0,1,7.548518762489292,2.121291431579688,0,1,1,7a258283:30,0.95,0.137,0.238,0.185,0.799,0.107,0.771,0.084,0.634,0.133
341,0.0,0.0,1,8.179311705896945,2.3108366195996615,0,1,1,7a258283:30,0.943,0.153,0.232,0.195,0.801,0.113,0.772,0.082,0.642,0.135
342,0.0,0.0,1,8.871987800066636,2.2929289460333937,0,1,1,7a258283:30,0.936,0.164,0.241,0.194,0.804,0.115,0.773,0.082,0.641,0.139
343,0.0,0.0,1,8.438734611118917,2.1302697039008653,0,1,1,7a258283:30,0.941,0.163,0.247,0.198,0.799,0.115,0.769,0.083,0.635,0.138
344,0.0,0.0,1,9.172990604150307,2.2938535408794087,0,1,1,7a258283:30,0.933,0.168,0.239,0.196,0.796,0.116,0.772,0.084,0.644,0.141
345,0.0,0.0,1,9.100152618181728,2.2044885545175186,0,1,1,7a258283:30,0.934,0.171,0.231,0.202,0.791,0.115,0.775,0.086,0.647,0.144
346,0.0,0.0,1,9.84142010407703,2.2393964390405867,0,1,1,7a258283:30,0.927,0.173,0.213,0.198,0.789,0.117,0.787,0.091,0.662,0.149
347,0.0,0.0,1,8.50723530127357,2.327860091685056,0,1,1,7a258283:30,0.94,0.148,0.21,0.193,0.783,0.115,0.785,0.091,0.662,0.143
348,0.0,0.0,1,7.81738082818635,2.296991155181244,0,1,1,7a258283:30,0.947,0.149,0.197,0.182,0.779,0.115,0.791,0.088,0.666,0.133
349,0.0,0.0,1,8.772381155768654,2.108633062259047,0,1,1,7a258283:30,0.937,0.165,0.207,0.19,0.784,0.118,0.793,0.092,0.666,0.14
350,0.0,0.0,1,9.440055778926467,2.1055811683415286,0,1,1,7a258283:30,0.931,0.173,0.203,0.196,0.793,0.122,0.794,0.092,0.66,0.135
351,0.0,0.0,1,8.387153515636331,2.2471769496260565,0,1,1,7a258283:30,0.941,0.155,0.203,0.196,0.788,0.12,0.793,0.095,0.659,0.13
352,0.0,0.0,1,9.39500850270858,2.1051933365770368,0,1,1,7a258283:30,0.931,0.169,0.216,0.202,0.789,0.123,0.795,0.092,0.657,0.129
353,0.0,0.0,1,8.279527339731773,2.106786895467508,0,1,1,7a258283:30,0.942,0.154,0.213,0.202,0.784,0.121,0.798,0.095,0.665,0.14
354,0.0,0.0,1,8.671687493277393,2.1035916373384067,0,1,1,7a258283:30,0.938,0.168,0.199,0.206,0.78,0.122,0.805,0.1,0.672,0.139
355,0.0,0.0,1,8.447791759096043,2.1038689696772854,0,1,1,7a258283:30,0.941,0.17,0.191,0.199,0.779,0.124,0.808,0.098,0.673,0.133
356,0.0,0.0,1,9.560204679747043,2.2006602464295644,0,1,1,7a258283:30,0.929,0.178,0.198,0.206,0.777,0.126,0.807,0.096,0.682,0.142
357,0.0,0.0,1,10.455601305496142,2.1961596614012033,0,1,1,7a258283:30,0.92,0.18,0.2,0.212,0.781,0.129,0.808,0.096,0.686,0.151
358,0.0,0.0,1,9.797611426882211,2.101792506468432,0,1,1,7a258283:30,0.927,0.171,0.201,0.21,0.776,0.128,0.805,0.093,0.69,0.145
359,0.0,0.0,1,10.344693617817173,2.267775320677527,0,1,1,7a258283:30,0.922,0.174,0.208,0.21,0.787,0.128,0.802,0.089,0.674,0.138
360,0.0,0.0,1,10.449759321909458,2.1347817417064525,0,1,1,7a258283:30,0.921,0.172,0.227,0.212,0.794,0.134,0.792,0.087,0.657,0.133
361,0.0,0.0,1,10.184896742235772,2.245820578278847,0,1,1,7a258283:30,0.923,0.173,0.222,0.204,0.79,0.134,0.794,0.085,0.664,0.135
362,0.0,0.0,1,8.4576005765091,2.101368206105671,0,1,1,7a258283:30,0.94,0.14,0.213,0.2,0.79,0.135,0.794,0.083,0.667,0.133
363,0.0,0.0,1,8.535412397094403,2.2952815369194037,0,1,1,7a258283:30,0.94,0.156,0.218,0.204,0.785,0.134,0.791,0.086,0.666,0.134
364,0.0,0.0,1,9.321853847418005,2.261652508662563,0,1,1,7a258283:30,0.932,0.171,0.214,0.202,0.786,0.137,0.794,0.087,0.672,0.134
365,0.0,0.0,1,9.871289558765836,2.2115639039428725,0,1,1,7a258283:30,0.926,0.174,0.22,0.207,0.786,0.139,0.791,0.083,0.671,0.138
366,0.0,0.0,1,10.236113287291548,2.110192407529196,0,1,1,7a258283:30,0.923,0.176,0.219,0.209,0.785,0.141,0.791,0.084,0.671,0.141
367,0.0,0.0,1,10.140089634381294,2.1074277771382874,0,1,1,7a258283:30,0.924,0.177,0.203,0.188,0.781,0.141,0.796,0.08,0.678,0.125
368,0.0,0.0,1,10.856488641791257,2.2035045400871582,0,1,1,7a258283:30,0.916,0.181,0.209,0.185,0.784,0.143,0.798,0.081,0.676,0.13
369,0.0,0.0,1,10.9701881729491,2.2472472338493867,0,1,1,7a258283:30,0.915,0.178,0.223,0.189,0.786,0.146,0.79,0.079,0.659,0.126
370,0.0,0.0,1,11.08336144230214,2.2257203715517804,0,1,1,7a258283:30,0.914,0.176,0.231,0.186,0.79,0.147,0.785,0.074,0.648,0.122
371,0.0,0.0,1,9.073758007741965,2.1006568706886712,0,1,1,7a258283:30,0.934,0.153,0.218,0.183,0.785,0.144,0.79,0.077,0.652,0.123
372,0.0,0.0,1,9.721731326684434,2.237266025593315,0,1,1,7a258283:30,0.928,0.158,0.216,0.189,0.79,0.145,0.793,0.078,0.65,0.119
373,0.0,0.0,1,9.632597735729329,2.108383218654501,0,1,1,7a258283:30,0.929,0.155,0.227,0.197,0.8,0.148,0.787,0.079,0.639,0.119
374,0.0,0.0,1,9.623491730325851,2.110599794379462,0,1,1,7a258283:30,0.929,0.162,0.23,0.202,0.797,0.149,0.786,0.082,0.645,0.133
375,0.0,0.0,1,9.356288346177587,2.110015633269773,0,1,1,7a258283:30,0.931,0.168,0.208,0.194,0.793,0.147,0.797,0.083,0.659,0.127
376,0.0,0.0,1,9.665262266576454,2.1138432477095424,0,1,1,7a258283:30,0.928,0.17,0.204,0.198,0.794,0.15,0.796,0.085,0.661,0.13
377,0.0,0.0,1,10.144258683125958,2.1142760431426972,0,1,1,7a258283:30,0.924,0.17,0.203,0.194,0.795,0.154,0.796,0.085,0.659,0.131
378,0.0,0.0,1,10.486242224768919,2.1227622108378417,0,1,1,7a258283:30,0.92,0.171,0.205,0.201,0.796,0.157,0.796,0.09,0.664,0.135
379,0.0,0.0,1,10.582959376291516,2.1194044118968507,0,1,1,7a258283:30,0.919,0.171,0.203,0.194,0.799,0.161,0.8,0.087,0.666,0.12
380,0.0,0.0,1,10.747866300469783,2.3320243113747483,0,1,1,7a258283:30,0.918,0.167,0.199,0.194,0.796,0.161,0.802,0.083,0.665,0.113
381,0.0,0.0,1,9.854931137809887,2.118622227933881,0,1,1,7a258283:30,0.926,0.166,0.202,0.2,0.791,0.159,0.8,0.081,0.67,0.127
382,0.0,0.0,1,8.811838626770179,2.2264406806638726,0,1,1,7a258283:30,0.937,0.16,0.201,0.202,0.788,0.158,0.799,0.08,0.673,0.131
383,0.0,0.0,1,7.005774577427678,2.267024967046914,0,1,1,7a258283:30,0.955,0.125,0.192,0.199,0.784,0.157,0.804,0.082,0.677,0.123
384,0.0,0.0,1,7.074542561727361,2.241115075324173,0,1,1,7a258283:30,0.954,0.144,0.186,0.191,0.779,0.155,0.805,0.081,0.682,0.118
385,0.0,0.0,1,6.239830311127427,2.113911182015161,0,1,1,7a258283:30,0.963,0.121,0.181,0.193,0.774,0.152,0.806,0.081,0.683,0.118
386,0.0,0.0,1,7.192711360977536,2.1169770800293706,0,1,1,7a258283:30,0.953,0.14,0.184,0.188,0.772,0.153,0.804,0.081,0.688,0.122
387,0.0,0.0,1,8.354156168057425,2.116114947164576,0,1,1,7a258283:30,0.941,0.161,0.189,0.188,0.776,0.155,0.802,0.077,0.68,0.121
388,0.0,0.0,1,8.803192643459836,2.1224179828457173,0,1,1,7a258283:30,0.937,0.161,0.196,0.182,0.783,0.154,0.799,0.076,0.671,0.12
389,0.0,0.0,1,9.57082308675707,2.2420528239428696,0,1,1,7a258283:30,0.929,0.165,0.205,0.18,0.786,0.158,0.795,0.072,0.668,0.114
390,0.0,0.0,1,9.95096510549727,2.1209642680216887,0,1,1,7a258283:30,0.925,0.163,0.209,0.185,0.79,0.162,0.793,0.07,0.662,0.113
391,0.0,0.0,1,10.079266981225969,2.2792625046239974,0,1,1,7a258283:30,0.924,0.164,0.212,0.186,0.799,0.159,0.795,0.071,0.659,0.107
392,0.0,0.0,1,9.121320276991588,2.1261148699851455,0,1,1,7a258283:30,0.934,0.164,0.207,0.18,0.794,0.157,0.796,0.074,0.659,0.1
393,0.0,0.0,1,9.622479892624606,2.2428981457025117,0,1,1,7a258283:30,0.929,0.171,0.206,0.182,0.795,0.16,0.799,0.073,0.666,0.117
394,0.0,0.0,1,9.548579071594979,2.1203909060715596,0,1,1,7a258283:30,0.93,0.177,0.207,0.185,0.79,0.158,0.799,0.077,0.67,0.126
395,0.0,0.0,1,10.232912676299058,2.3191406164443036,0,1,1,7a258283:30,0.923,0.182,0.212,0.19,0.798,0.155,0.799,0.075,0.666,0.123
396,0.0,0.0,1,10.772640244648098,2.1173480918583136,0,1,1,7a258283:30,0.917,0.182,0.217,0.196,0.8,0.156,0.798,0.073,0.662,0.121
397,0.0,0.0,1,10.944537221073167,2.120044807966873,0,1,1,7a258283:30,0.916,0.177,0.227,0.2,0.8,0.157,0.795,0.076,0.658,0.121
398,0.0,0.0,1,10.182014009463618,2.2673751793544876,0,1,1,7a258283:30,0.923,0.165,0.22,0.196,0.796,0.155,0.796,0.075,0.661,0.116
399,0.0,0.0,1,10.308540165650912,2.1149935662270853,0,1,1,7a258283:30,0.922,0.163,0.213,0.193,0.794,0.156,0.801,0.076,0.666,0.118
400,0.0,0.0,1,10.334944098111139,2.1178293201981906,0,1,1,7a258283:30,0.922,0.166,0.206,0.191,0.808,0.155,0.806,0.074,0.667,0.112
401,0.0,0.0,1,10.465061685614055,2.3318214731435547,0,1,1,7a258283:30,0.92,0.17,0.222,0.196,0.817,0.147,0.802,0.077,0.654,0.117
402,0.0,0.0,1,10.295819640087686,2.235067807610875,0,1,1,7a258283:30,0.922,0.169,0.225,0.187,0.815,0.148,0.8,0.074,0.65,0.106
403,0.0,0.0,1,8.178473554424063,2.143163056358439,0,1,1,7a258283:30,0.943,0.137,0.224,0.189,0.809,0.145,0.798,0.075,0.651,0.112
404,0.0,0.0,1,8.79918957119654,2.1247489689251613,0,1,1,7a258283:30,0.937,0.153,0.222,0.189,0.807,0.145,0.798,0.077,0.652,0.114
405,0.0,0.0,1,9.343677747064067,2.241480804082485,0,1,1,7a258283:30,0.932,0.165,0.22,0.194,0.809,0.149,0.796,0.077,0.646,0.109
406,0.0,0.0,1,9.738090861654369,2.1257043841755667,0,1,1,7a258283:30,0.928,0.171,0.226,0.197,0.813,0.149,0.796,0.077,0.642,0.114
407,0.0,0.0,1,8.241636438764848,2.1909932481600425,0,1,1,7a258283:30,0.943,0.152,0.213,0.187,0.811,0.15,0.798,0.076,0.657,0.109
408,0.0,0.0,1,8.838163179894192,2.238691145342671,0,1,1,7a258283:30,0.937,0.16,0.227,0.194,0.815,0.154,0.791,0.074,0.644,0.114
409,0.0,0.0,1,9.472562253489466,2.1275048537947185,0,1,1,7a258283:30,0.93,0.171,0.227,0.192,0.817,0.154,0.792,0.075,0.645,0.117
410,0.0,0.0,1,9.731363335103406,2.132560261733626,0,1,1,7a258283:30,0.928,0.172,0.224,0.189,0.815,0.154,0.793,0.074,0.649,0.12
411,0.0,0.0,1,9.51478453510676,2.2665638060882243,0,1,1,7a258283:30,0.93,0.174,0.225,0.186,0.81,0.152,0.791,0.074,0.651,0.121
412,0.0,0.0,1,8.011110810020108,2.3007005456002942,0,1,1,7a258283:30,0.945,0.14,0.217,0.184,0.804,0.149,0.796,0.079,0.663,0.124
413,0.0,0.0,1,9.097131551078665,2.1286627534565175,0,1,1,7a258283:30,0.934,0.156,0.217,0.183,0.801,0.149,0.795,0.078,0.661,0.118
414,0.0,0.0,1,9.559529803605795,2.1326537031288706,0,1,1,7a258283:30,0.929,0.162,0.218,0.183,0.798,0.149,0.792,0.078,0.657,0.116
415,0.0,0.0,1,9.612546060486293,2.1327723978318343,0,1,1,7a258283:30,0.929,0.161,0.226,0.183,0.796,0.149,0.788,0.076,0.646,0.117
416,0.0,0.0,1,9.88770052571774,2.13422794669903,0,1,1,7a258283:30,0.926,0.171,0.227,0.186,0.795,0.151,0.787,0.079,0.643,0.116
417,0.0,0.0,1,10.236324897257992,2.30126743998742,0,1,1,7a258283:30,0.923,0.173,0.216,0.193,0.797,0.154,0.792,0.083,0.649,0.121
418,0.0,0.0,1,10.516436987126424,2.291333032633005,0,1,1,7a258283:30,0.92,0.173,0.23,0.194,0.804,0.155,0.785,0.082,0.641,0.117
419,0.0,0.0,1,10.691069737242287,2.1298395579536105,0,1,1,7a258283:30,0.918,0.174,0.239,0.197,0.806,0.155,0.784,0.082,0.638,0.119
420,0.0,0.0,1,10.670463357925811,2.2914922432282374,0,1,1,7a258283:30,0.918,0.173,0.24,0.196,0.818,0.151,0.783,0.078,0.635,0.119
421,0.0,0.0,1,10.492851251140907,2.334169091447139,0,1,1,7a258283:30,0.92,0.169,0.242,0.192,0.82,0.151,0.782,0.079,0.632,0.113
422,0.0,0.0,1,8.170402203224,2.230589614740631,0,1,1,7a258283:30,0.943,0.131,0.242,0.191,0.813,0.148,0.781,0.079,0.633,0.115
423,0.0,0.0,1,8.69601614092473,2.1244230342787227,0,1,1,7a258283:30,0.938,0.15,0.25,0.19,0.811,0.148,0.777,0.078,0.633,0.115
424,0.0,0.0,1,9.20132686316932,2.122317477856757,0,1,1,7a258283:30,0.933,0.16,0.243,0.199,0.812,0.152,0.775,0.081,0.636,0.121
425,0.0,0.0,1,9.715807937932963,2.1458858080508434,0,1,1,7a258283:30,0.928,0.168,0.237,0.197,0.82,0.15,0.78,0.083,0.635,0.119
426,0.0,0.0,1,9.757118649508561,2.135267029170441,0,1,1,7a258283:30,0.927,0.166,0.238,0.198,0.816,0.149,0.778,0.081,0.629,0.12
427,0.0,0.0,1,10.156049476486226,2.247319454167624,0,1,1,7a258283:30,0.923,0.173,0.242,0.196,0.814,0.149,0.776,0.078,0.631,0.118
428,0.0,0.0,1,8.315612923771608,2.22175871384737,0,1,1,7a258283:30,0.942,0.138,0.234,0.19,0.811,0.15,0.779,0.081,0.635,0.124
429,0.0,0.0,1,8.802133978990499,2.1898156776209263,0,1,1,7a258283:30,0.937,0.146,0.237,0.192,0.808,0.15,0.778,0.079,0.639,0.115
430,0.0,0.0,1,9.103961552591318,2.114166358020307,0,1,1,7a258283:30,0.934,0.154,0.232,0.188,0.807,0.151,0.78,0.079,0.639,0.113
431,0.0,0.0,1,9.339602980199386,2.1156814709759724,0,1,1,7a258283:30,0.932,0.163,0.22,0.179,0.809,0.153,0.786,0.075,0.642,0.106
432,0.0,0.0,1,9.787640297570192,2.1156810657495324,0,1,1,7a258283:30,0.927,0.17,0.215,0.178,0.807,0.153,0.787,0.075,0.643,0.102
433,0.0,0.0,1,10.16717279459051,2.260013384840094,0,1,1,7a258283:30,0.923,0.175,0.21,0.185,0.804,0.153,0.79,0.076,0.657,0.105
434,0.0,0.0,1,10.392427075431936,2.107161747923363,0,1,1,7a258283:30,0.921,0.171,0.211,0.19,0.807,0.154,0.795,0.075,0.667,0.109
435,0.0,0.0,1,9.70250427556525,2.2157258763317964,0,1,1,7a258283:30,0.928,0.167,0.22,0.199,0.802,0.152,0.791,0.077,0.664,0.117
436,0.0,0.0,1,8.644180598292785,2.239551592166411,0,1,1,7a258283:30,0.939,0.159,0.219,0.199,0.8,0.153,0.79,0.076,0.665,0.124
437,0.0,0.0,1,9.285048027333044,2.2267988921239765,0,1,1,7a258283:30,0.932,0.166,0.217,0.194,0.806,0.152,0.792,0.074,0.666,0.122
438,0.0,0.0,1,8.502887964205733,2.1071457013566475,0,1,1,7a258283:30,0.94,0.159,0.221,0.193,0.8,0.15,0.791,0.076,0.662,0.126
439,0.0,0.0,1,9.07722319937678,2.130253237091578,0,1,1,7a258283:30,0.934,0.167,0.212,0.19,0.798,0.15,0.796,0.077,0.666,0.121
440,0.0,0.0,1,9.824656691852246,2.272663759800774,0,1,1,7a258283:30,0.927,0.175,0.2,0.189,0.795,0.15,0.8,0.077,0.678,0.123
441,0.0,0.0,1,9.512430028850437,2.109116705159205,0,1,1,7a258283:30,0.93,0.175,0.203,0.195,0.793,0.151,0.795,0.077,0.678,0.131
442,0.0,0.0,1,10.118027986616948,2.250286426507505,0,1,1,7a258283:30,0.924,0.176,0.21,0.202,0.793,0.153,0.793,0.076,0.67,0.131
443,0.0,0.0,1,10.82678621269569,2.1253337903460063,0,1,1,7a258283:30,0.917,0.179,0.205,0.209,0.793,0.154,0.798,0.082,0.672,0.139
444,0.0,0.0,1,11.01422122010089,2.263502526344583,0,1,1,7a258283:30,0.915,0.174,0.222,0.213,0.795,0.155,0.793,0.085,0.657,0.144
445,0.0,0.0,1,11.020729855476512,2.1154130882898303,0,1,1,7a258283:30,0.915,0.176,0.225,0.214,0.8,0.155,0.794,0.086,0.667,0.15
446,0.0,0.0,1,9.682812200922548,2.1037677724657606,0,1,1,7a258283:30,0.928,0.167,0.221,0.213,0.8,0.158,0.794,0.086,0.666,0.141
447,0.0,0.0,1,7.658988260083931,2.0964614434952313,0,1,1,7a258283:30,0.948,0.132,0.205,0.206,0.796,0.157,0.8,0.09,0.676,0.141
448,0.0,0.0,1,8.488080750304333,2.253981373593851,0,1,1,7a258283:30,0.94,0.151,0.2,0.199,0.796,0.159,0.802,0.086,0.676,0.135
449,0.0,0.0,1,8.173699225131305,2.0938014360052506,0,1,1,7a258283:30,0.943,0.155,0.202,0.197,0.791,0.157,0.804,0.087,0.675,0.138
450,0.0,0.0,1,8.556723947160018,2.091938370753561,0,1,1,7a258283:30,0.939,0.155,0.207,0.194,0.801,0.151,0.803,0.082,0.664,0.131
451,0.0,0.0,1,9.17230303792048,2.1935271612159433,0,1,1,7a258283:30,0.933,0.166,0.206,0.193,0.798,0.15,0.805,0.082,0.669,0.14
452,0.0,0.0,1,7.628633626038572,2.1890116895565104,0,1,1,7a258283:30,0.949,0.132,0.205,0.194,0.796,0.153,0.801,0.082,0.668,0.135
453,0.0,0.0,1,7.760031099070482,2.236464053664519,0,1,1,7a258283:30,0.947,0.147,0.198,0.183,0.791,0.151,0.803,0.081,0.669,0.128
454,0.0,0.0,1,8.433130564240706,2.226393821531326,0,1,1,7a258283:30,0.941,0.157,0.206,0.193,0.798,0.153,0.801,0.082,0.661,0.117
455,0.0,0.0,1,9.150317044027183,2.0978177411686123,0,1,1,7a258283:30,0.933,0.17,0.223,0.188,0.798,0.154,0.792,0.079,0.653,0.115
456,0.0,0.0,1,9.85684602286619,2.09376492812973,0,1,1,7a258283:30,0.926,0.175,0.235,0.194,0.807,0.148,0.79,0.079,0.637,0.116
457,0.0,0.0,1,8.564769865691751,2.0954003273443993,0,1,1,7a258283:30,0.939,0.154,0.234,0.189,0.801,0.145,0.789,0.079,0.639,0.115
458,0.0,0.0,1,8.452111892072024,2.213222422326347,0,1,1,7a258283:30,0.94,0.156,0.231,0.184,0.797,0.144,0.788,0.077,0.642,0.106
459,0.0,0.0,1,7.758267639973095,2.095911076048136,0,1,1,7a258283:30,0.947,0.149,0.228,0.18,0.794,0.144,0.788,0.08,0.646,0.116
460,0.0,0.0,1,8.293963366752457,2.0943608057503456,0,1,1,7a258283:30,0.942,0.164,0.221,0.169,0.79,0.144,0.79,0.08,0.653,0.105
461,0.0,0.0,1,9.092307961984583,2.098078611017746,0,1,1,7a258283:30,0.934,0.169,0.232,0.18,0.795,0.149,0.784,0.08,0.648,0.114
462,0.0,0.0,1,10.048681641799444,2.25053541948559,0,1,1,7a258283:30,0.925,0.176,0.239,0.179,0.798,0.151,0.781,0.078,0.638,0.104
463,0.0,0.0,1,8.424397030012912,2.2366343702951172,0,1,1,7a258283:30,0.941,0.141,0.227,0.178,0.792,0.148,0.786,0.082,0.649,0.11
464,0.0,0.0,1,8.695371548981486,2.095112967584167,0,1,1,7a258283:30,0.938,0.15,0.235,0.18,0.792,0.149,0.783,0.081,0.639,0.11
465,0.0,0.0,1,9.178750087480665,2.232105477717335,0,1,1,7a258283:30,0.933,0.158,0.223,0.174,0.789,0.149,0.787,0.078,0.653,0.112
466,0.0,0.0,1,9.775958477514406,2.091624845293992,0,1,1,7a258283:30,0.927,0.166,0.224,0.184,0.792,0.153,0.788,0.083,0.649,0.117
467,0.0,0.0,1,8.229901194305825,2.2298974208443068,0,1,1,7a258283:30,0.943,0.145,0.217,0.166,0.787,0.15,0.787,0.08,0.66,0.112
468,0.0,0.0,1,8.834176133112114,2.2426978141368727,0,1,1,7a258283:30,0.937,0.162,0.215,0.171,0.784,0.15,0.788,0.08,0.665,0.117
469,0.0,0.0,1,9.208769894004854,2.0913809672048207,0,1,1,7a258283:30,0.933,0.168,0.206,0.177,0.784,0.152,0.794,0.089,0.673,0.121
470,0.0,0.0,1,9.81400176192427,2.182328000295457,0,1,1,7a258283:30,0.927,0.172,0.216,0.177,0.792,0.15,0.791,0.088,0.669,0.129
471,0.0,0.0,1,10.319097839777264,2.2191893137168366,0,1,1,7a258283:30,0.922,0.176,0.231,0.182,0.799,0.153,0.783,0.084,0.654,0.119
472,0.0,0.0,1,9.981767462303369,2.2807218035661343,0,1,1,7a258283:30,0.925,0.173,0.223,0.194,0.797,0.153,0.786,0.082,0.662,0.121
473,0.0,0.0,1,10.392030192439309,2.2198319506190196,0,1,1,7a258283:30,0.921,0.171,0.216,0.201,0.795,0.155,0.789,0.085,0.662,0.126
474,0.0,0.0,1,10.617804790652468,2.2757766209483337,0,1,1,7a258283:30,0.919,0.175,0.225,0.204,0.798,0.158,0.783,0.084,0.653,0.126
475,0.0,0.0,1,8.60391447412855,2.2231410981386297,0,1,1,7a258283:30,0.939,0.151,0.231,0.2,0.792,0.156,0.778,0.082,0.647,0.125
476,0.0,0.0,1,7.285525471830578,2.245382243752709,0,1,1,7a258283:30,0.952,0.132,0.233,0.2,0.787,0.153,0.775,0.08,0.644,0.119
477,0.0,0.0,1,7.817231425099507,2.1929066879640993,0,1,1,7a258283:30,0.947,0.148,0.23,0.202,0.792,0.158,0.779,0.08,0.652,0.128
478,0.0,0.0,1,8.383326032332675,2.196180282972502,0,1,1,7a258283:30,0.941,0.155,0.237,0.203,0.795,0.159,0.78,0.08,0.65,0.131
479,0.0,0.0,1,9.164751731016894,2.087256839101216,0,1,1,7a258283:30,0.933,0.17,0.24,0.214,0.796,0.162,0.785,0.088,0.655,0.15
480,0.0,0.0,1,8.846621066225145,2.091030622556798,0,1,1,7a258283:30,0.937,0.166,0.245,0.211,0.791,0.16,0.782,0.088,0.655,0.153
481,0.0,0.0,1,7.794591104846526,2.0932380957667265,0,1,1,7a258283:30,0.947,0.149,0.23,0.203,0.786,0.157,0.788,0.085,0.659,0.146
482,0.0,0.0,1,8.605673966020351,2.0951380366491086,0,1,1,7a258283:30,0.939,0.161,0.237,0.206,0.793,0.155,0.788,0.085,0.651,0.145
483,0.0,0.0,1,9.393195357354717,2.3241233267092474,0,1,1,7a258283:30,0.931,0.167,0.242,0.205,0.793,0.159,0.783,0.082,0.644,0.143
484,0.0,0.0,1,9.513227481054733,2.2421211132081833,0,1,1,7a258283:30,0.93,0.164,0.254,0.195,0.793,0.16,0.776,0.078,0.631,0.142
485,0.0,0.0,1,9.552142543721311,2.10535769890316,0,1,1,7a258283:30,0.929,0.163,0.265,0.197,0.798,0.16,0.775,0.077,0.633,0.142
486,0.0,0.0,1,9.774372040229785,2.2246148494637024,0,1,1,7a258283:30,0.927,0.165,0.257,0.193,0.799,0.16,0.781,0.08,0.646,0.138
487,0.0,0.0,1,9.832574935035087,2.096657352157333,0,1,1,7a258283:30,0.927,0.169,0.26,0.181,0.795,0.159,0.78,0.075,0.643,0.13
488,0.0,0.0,1,9.959984436451538,2.099733196962824,0,1,1,7a258283:30,0.925,0.175,0.257,0.175,0.796,0.16,0.782,0.075,0.648,0.127
489,0.0,0.0,1,10.524287985761209,2.1039245629935728,0,1,1,7a258283:30,0.92,0.181,0.262,0.18,0.798,0.164,0.777,0.075,0.642,0.125
490,0.0,0.0,1,10.743940101011386,2.1107491254853707,0,1,1,7a258283:30,0.918,0.177,0.275,0.182,0.796,0.163,0.769,0.073,0.634,0.133
491,0.0,0.0,1,11.10765038109077,2.274985449486648,0,1,1,7a258283:30,0.914,0.178,0.283,0.182,0.793,0.163,0.764,0.072,0.632,0.135
492,0.0,0.0,1,10.778004795554542,2.129937395686701,0,1,1,7a258283:30,0.917,0.17,0.274,0.192,0.797,0.167,0.769,0.075,0.628,0.137
493,0.0,0.0,1,10.739626036108962,2.248896550715565,0,1,1,7a258283:30,0.918,0.171,0.259,0.202,0.798,0.168,0.779,0.08,0.643,0.135
494,0.0,0.0,1,10.63995135943306,2.1091033795957417,0,1,1,7a258283:30,0.919,0.172,0.251,0.2,0.795,0.167,0.781,0.081,0.648,0.127
495,0.0,0.0,1,10.586602821691988,2.1343499620987108,0,1,1,7a258283:30,0.919,0.173,0.258,0.202,0.793,0.168,0.78,0.084,0.647,0.139
496,0.0,0.0,1,10.825914637510714,2.239095377060611,0,1,1,7a258283:30,0.917,0.179,0.263,0.203,0.796,0.168,0.779,0.081,0.641,0.142
497,0.0,0.0,1,10.23223046279449,2.1526590537265315,0,1,1,7a258283:30,0.923,0.17,0.246,0.214,0.792,0.167,0.785,0.085,0.647,0.146
498,0.0,0.0,1,9.998538430455113,2.1095855903651515,0,1,1,7a258283:30,0.925,0.172,0.251,0.212,0.788,0.165,0.781,0.083,0.646,0.141
499,0.0,0.0,1,10.419456855499204,2.2874847845588446,0,1,1,7a258283:30,0.921,0.172,0.253,0.205,0.787,0.166,0.781,0.084,0.644,0.138
500,0.0,0.0,1,10.610425689085863,2.307147547329082,0,1,1,7a258283:30,0.919,0.179,0.239,0.198,0.783,0.164,0.789,0.086,0.652,0.136
1,0.0,0.0,1,86.97939533210358,1.3668057638090536,0,6,6,"47ed045c:6,0871022d:6,8ccd70f8:5",0.155,0.158,0.469,0.064,0.548,0.033,0.5,0.0,0.265,0.078
2,0.0,0.0,1,74.68063937805479,1.4505780827450867,0,6,6,"0871022d:7,47ed045c:6,8ccd70f8:5",0.278,0.142,0.418,0.079,0.583,0.034,0.51,0.021,0.269,0.086
3,0.0,0.0,1,63.115450616207774,1.5392772472771563,0,6,6,"0871022d:7,47ed045c:6,7a258283:5",0.394,0.125,0.373,0.097,0.62,0.037,0.515,0.032,0.268,0.098
4,0.0,0.0,1,52.01786668053258,1.6011258682644611,0,6,6,"0871022d:7,47ed045c:6,7a258283:5",0.505,0.116,0.318,0.114,0.657,0.035,0.531,0.037,0.267,0.105
5,0.0,0.0,1,43.72964112055167,1.640614287358434,0,6,6,"47ed045c:6,7a258283:6,0871022d:6",0.588,0.117,0.305,0.132,0.673,0.048,0.564,0.05,0.314,0.113
6,0.0,0.0,1,33.92165754088592,1.9401264382946832,0,6,6,"7a258283:7,47ed045c:6,288fc9cf:5",0.686,0.127,0.263,0.139,0.764,0.053,0.617,0.062,0.378,0.112
7,0.0,0.0,1,26.998710201317806,1.7821609082870955,0,6,6,"47ed045c:6,7a258283:6,288fc9cf:6",0.755,0.14,0.259,0.152,0.815,0.061,0.675,0.068,0.437,0.098
8,0.0,0.0,1,18.750846461593472,1.8758510017030394,0,6,6,"47ed045c:6,7a258283:6,288fc9cf:6",0.837,0.155,0.222,0.152,0.847,0.068,0.674,0.068,0.43,0.092
9,0.0,0.0,1,14.392220979488966,2.0339676885440237,0,6,6,"47ed045c:6,7a258283:6,288fc9cf:6",0.881,0.158,0.182,0.162,0.881,0.069,0.685,0.068,0.438,0.105
10,0.0,0.0,1,11.000057720133745,2.098012440195154,0,6,6,"7a258283:7,288fc9cf:6,47ed045c:5",0.915,0.161,0.156,0.166,0.916,0.076,0.691,0.073,0.447,0.118
11,0.0,0.0,1,10.428864698718726,1.9913907208080666,0,6,6,"7a258283:7,288fc9cf:6,0871022d:6",0.921,0.169,0.132,0.166,0.937,0.082,0.689,0.071,0.426,0.11
12,0.0,0.0,1,10.209416855667365,2.016531370629908,0,6,6,"7a258283:7,0871022d:7,47ed045c:5",0.923,0.175,0.125,0.164,0.939,0.08,0.691,0.073,0.431,0.122
13,0.0,0.0,1,10.311509344077928,2.0596614646155165,0,6,6,"0871022d:8,7a258283:7,288fc9cf:5",0.922,0.173,0.111,0.172,0.952,0.078,0.693,0.07,0.415,0.112
14,0.0,0.0,1,10.458181242731792,2.0948357787183154,0,6,6,"0871022d:9,7a258283:7,8ccd70f8:4",0.92,0.174,0.099,0.172,0.956,0.075,0.697,0.071,0.41,0.102
15,0.0,0.0,1,10.804961136989107,2.297129006498945,0,6,6,"0871022d:9,7a258283:8,8ccd70f8:4",0.917,0.18,0.093,0.173,0.955,0.082,0.702,0.069,0.401,0.101
16,0.0,0.0,1,11.021490996167318,2.258252774768874,0,6,6,"0871022d:10,7a258283:8,8ccd70f8:4",0.915,0.177,0.094,0.173,0.946,0.096,0.707,0.078,0.407,0.104
17,0.0,0.0,1,10.799884128273755,2.2880043826599654,0,6,6,"0871022d:10,7a258283:8,8ccd70f8:5",0.917,0.174,0.101,0.18,0.942,0.093,0.71,0.077,0.404,0.095
18,0.0,0.0,1,10.905524633942417,2.1935905538352323,0,6,6,"0871022d:10,7a258283:8,8ccd70f8:5",0.916,0.176,0.104,0.184,0.94,0.095,0.711,0.077,0.409,0.105
19,0.0,0.0,1,10.729227513596735,2.3909373830539296,0,6,6,"0871022d:10,7a258283:9,8ccd70f8:5",0.918,0.172,0.102,0.182,0.942,0.091,0.71,0.081,0.401,0.112
20,0.0,0.0,1,10.82514905458488,2.344929093918421,0,6,6,"7a258283:10,0871022d:10,8ccd70f8:5",0.917,0.169,0.114,0.187,0.93,0.099,0.709,0.079,0.425,0.12
21,0.0,0.0,1,10.78224033362469,2.3897950318443635,0,6,6,"7a258283:11,0871022d:10,8ccd70f8:5",0.917,0.169,0.119,0.192,0.93,0.101,0.707,0.075,0.407,0.12
22,0.0,0.0,1,10.578470988789931,2.3834692287359345,0,6,6,"7a258283:12,0871022d:10,8ccd70f8:4",0.919,0.171,0.113,0.194,0.934,0.098,0.71,0.075,0.404,0.113
23,0.0,0.0,1,10.760408190931747,2.4554897450430326,0,6,6,"7a258283:12,0871022d:9,8ccd70f8:4",0.917,0.175,0.119,0.197,0.931,0.1,0.706,0.073,0.397,0.115
24,0.0,0.0,1,10.894264738530152,2.4528499177325727,0,5,5,"7a258283:13,0871022d:9,8ccd70f8:4",0.916,0.176,0.136,0.205,0.918,0.107,0.7,0.071,0.405,0.115
25,0.0,0.0,1,10.77229281484639,2.2685672863808004,0,5,5,"7a258283:14,0871022d:9,8ccd70f8:3",0.917,0.171,0.132,0.201,0.917,0.108,0.7,0.069,0.407,0.122
26,0.0,0.0,1,10.462535360911971,2.2751245407762677,0,5,5,"7a258283:15,0871022d:8,8ccd70f8:3",0.92,0.168,0.13,0.19,0.915,0.107,0.705,0.071,0.416,0.138
27,0.0,0.0,1,10.405271770905555,2.2718067341471064,0,5,5,"7a258283:16,0871022d:8,288fc9cf:2",0.921,0.169,0.136,0.194,0.912,0.104,0.7,0.07,0.418,0.122
28,0.0,0.0,1,10.525912902423649,2.4945819053948934,0,5,5,"7a258283:17,0871022d:7,288fc9cf:2",0.92,0.171,0.136,0.193,0.901,0.106,0.704,0.076,0.417,0.121
29,0.0,0.0,1,10.80827561710477,2.4153713034980075,0,5,5,"7a258283:18,0871022d:6,288fc9cf:2",0.917,0.174,0.139,0.198,0.894,0.11,0.706,0.078,0.415,0.123
30,0.0,0.0,1,10.469186345569643,2.2640083255326893,0,5,5,"7a258283:19,0871022d:6,288fc9cf:2",0.92,0.175,0.14,0.198,0.896,0.104,0.717,0.08,0.424,0.12
31,0.0,0.0,1,10.676355483547361,2.2943050083249865,0,5,5,"7a258283:18,0871022d:7,288fc9cf:2",0.918,0.177,0.125,0.204,0.908,0.104,0.722,0.082,0.431,0.122
32,0.0,0.0,1,9.236613683187077,2.3871442853836964,0,5,5,"7a258283:17,0871022d:8,288fc9cf:2",0.933,0.16,0.116,0.198,0.918,0.102,0.727,0.081,0.439,0.133
33,0.0,0.0,1,9.661279934640595,2.256798312284381,0,5,5,"7a258283:17,0871022d:8,288fc9cf:2",0.928,0.168,0.111,0.196,0.924,0.096,0.732,0.082,0.438,0.13
34,0.0,0.0,1,10.105489373458047,2.257157479120957,0,5,5,"7a258283:18,0871022d:8,47ed045c:2",0.924,0.173,0.123,0.201,0.919,0.099,0.725,0.081,0.439,0.13
35,0.0,0.0,1,10.058261675369778,2.436631568875583,0,5,5,"7a258283:17,0871022d:9,47ed045c:2",0.924,0.171,0.123,0.201,0.93,0.097,0.722,0.082,0.431,0.125
36,0.0,0.0,1,10.242348678862577,2.2670148327976247,0,5,5,"7a258283:16,0871022d:10,47ed045c:2",0.923,0.172,0.127,0.198,0.937,0.089,0.727,0.085,0.422,0.117
37,0.0,0.0,1,10.567023379007713,2.410424710989579,0,5,5,"7a258283:16,0871022d:10,47ed045c:2",0.919,0.173,0.127,0.199,0.936,0.084,0.726,0.083,0.422,0.126
38,0.0,0.0,1,8.76858831668306,2.2552390811286744,0,5,5,"7a258283:16,0871022d:10,47ed045c:2",0.937,0.141,0.114,0.192,0.949,0.077,0.729,0.083,0.424,0.134
39,0.0,0.0,1,9.20984490164948,2.2589601437464273,0,5,5,"7a258283:17,0871022d:9,47ed045c:2",0.933,0.157,0.116,0.187,0.946,0.075,0.728,0.085,0.421,0.138
40,0.0,0.0,1,9.129843010941794,2.2503114790278422,0,5,5,"7a258283:17,0871022d:9,47ed045c:2",0.934,0.159,0.118,0.188,0.949,0.076,0.732,0.087,0.417,0.13
41,0.0,0.0,1,8.8314178342739,2.4308575198230216,0,5,5,"7a258283:18,0871022d:8,47ed045c:2",0.937,0.162,0.123,0.187,0.935,0.085,0.731,0.082,0.437,0.119
42,0.0,0.0,1,9.519791034745714,2.356577930353175,0,5,5,"7a258283:18,0871022d:8,47ed045c:2",0.93,0.171,0.14,0.193,0.918,0.091,0.731,0.082,0.453,0.115
43,0.0,0.0,1,10.190610111107677,2.4263901418753298,0,5,5,"7a258283:17,0871022d:9,47ed045c:2",0.923,0.177,0.151,0.202,0.908,0.101,0.734,0.084,0.457,0.116
44,0.0,0.0,1,10.972104597503888,2.2504430801548807,0,4,4,"7a258283:17,0871022d:10,47ed045c:2",0.915,0.181,0.164,0.195,0.894,0.099,0.741,0.086,0.488,0.099
45,0.0,0.0,1,10.966559232092775,2.244925276076314,0,4,4,"7a258283:16,0871022d:11,47ed045c:2",0.915,0.176,0.154,0.198,0.907,0.099,0.749,0.093,0.497,0.099
46,0.0,0.0,1,10.837737443763336,2.421765720247148,0,4,4,"7a258283:16,0871022d:11,47ed045c:2",0.917,0.174,0.15,0.201,0.919,0.09,0.748,0.097,0.485,0.097
47,0.0,0.0,1,10.578285299208032,2.2471325978142005,0,4,4,"7a258283:16,0871022d:11,47ed045c:2",0.919,0.172,0.148,0.198,0.92,0.081,0.747,0.084,0.506,0.1
48,0.0,0.0,1,10.62895525127168,2.247766217774612,0,4,4,"7a258283:15,0871022d:12,47ed045c:2",0.919,0.171,0.156,0.2,0.922,0.076,0.752,0.083,0.514,0.098
49,0.0,0.0,1,10.52014740833241,2.4122442355946765,0,4,4,"7a258283:14,0871022d:13,47ed045c:2",0.92,0.172,0.148,0.194,0.943,0.067,0.753,0.08,0.51,0.096
50,0.0,0.0,1,8.487922223074236,2.3218846337402166,0,4,4,"7a258283:15,0871022d:12,47ed045c:2",0.94,0.135,0.138,0.192,0.951,0.065,0.764,0.078,0.526,0.097
51,0.0,0.0,1,8.752060714978157,2.368348968460072,0,4,4,"7a258283:16,0871022d:12,47ed045c:1",0.937,0.15,0.147,0.205,0.951,0.073,0.761,0.078,0.519,0.1
52,0.0,0.0,1,6.806578315695785,2.235271862180927,0,4,4,"7a258283:16,0871022d:12,47ed045c:1",0.957,0.117,0.122,0.188,0.965,0.064,0.763,0.079,0.503,0.102
53,0.0,0.0,1,7.459228932593348,2.358168360893103,0,4,4,"7a258283:16,0871022d:12,47ed045c:1",0.95,0.146,0.116,0.189,0.958,0.071,0.771,0.085,0.507,0.109
54,0.0,0.0,1,8.22560680423684,2.3540070002694873,0,4,4,"7a258283:16,0871022d:12,47ed045c:1",0.943,0.156,0.111,0.19,0.956,0.067,0.775,0.089,0.51,0.107
55,0.0,0.0,1,9.005054814378754,2.220073067259643,0,4,4,"7a258283:16,0871022d:12,47ed045c:1",0.935,0.165,0.128,0.196,0.943,0.071,0.773,0.09,0.518,0.111
56,0.0,0.0,1,9.823551040069324,2.393422500574504,0,4,4,"7a258283:16,0871022d:12,47ed045c:1",0.927,0.172,0.12,0.203,0.955,0.073,0.773,0.094,0.516,0.114
57,0.0,0.0,1,10.345449250299318,2.35837753386351,0,4,4,"7a258283:15,0871022d:13,47ed045c:1",0.922,0.173,0.126,0.202,0.95,0.075,0.771,0.091,0.505,0.113
58,0.0,0.0,1,8.555394798549795,2.4158991984939453,0,4,4,"7a258283:14,0871022d:14,47ed045c:1",0.939,0.146,0.107,0.19,0.958,0.065,0.777,0.091,0.511,0.101
59,0.0,0.0,1,9.11726306968825,2.3235174747362946,0,4,4,"7a258283:14,0871022d:14,47ed045c:1",0.934,0.159,0.111,0.193,0.964,0.058,0.776,0.089,0.507,0.103
60,0.0,0.0,1,9.539012845796842,2.3731371142748166,0,4,4,"0871022d:15,7a258283:13,47ed045c:1",0.93,0.172,0.121,0.196,0.953,0.062,0.78,0.084,0.52,0.112
61,0.0,0.0,1,10.229709691729628,2.3403370879848024,0,4,4,"0871022d:16,7a258283:12,47ed045c:1",0.923,0.18,0.144,0.203,0.939,0.064,0.772,0.079,0.519,0.115
62,0.0,0.0,1,8.877528378755834,2.4464590286473493,0,4,4,"0871022d:16,7a258283:12,47ed045c:1",0.936,0.159,0.122,0.198,0.961,0.064,0.774,0.08,0.517,0.108
63,0.0,0.0,1,8.806810957286054,2.414218844722966,0,4,4,"0871022d:16,7a258283:12,47ed045c:1",0.937,0.168,0.115,0.195,0.963,0.059,0.776,0.084,0.519,0.127
64,0.0,0.0,1,7.686576443025621,2.418906737674375,0,4,4,"0871022d:15,7a258283:13,47ed045c:1",0.948,0.14,0.111,0.189,0.96,0.06,0.778,0.088,0.522,0.136
65,0.0,0.0,1,8.628671129224601,2.3549254691766546,0,4,4,"0871022d:15,7a258283:13,47ed045c:1",0.939,0.157,0.102,0.176,0.966,0.059,0.781,0.091,0.516,0.134
66,0.0,0.0,1,7.147392111540717,2.320181729892907,0,4,4,"0871022d:16,7a258283:12,47ed045c:1",0.954,0.124,0.099,0.171,0.966,0.058,0.776,0.089,0.505,0.136
67,0.0,0.0,1,7.965331443951375,2.322540800417949,0,4,4,"0871022d:15,7a258283:13,47ed045c:1",0.945,0.142,0.1,0.177,0.968,0.057,0.768,0.08,0.486,0.12
68,0.0,0.0,1,6.686470944049898,2.3469372353698974,0,4,4,"7a258283:14,0871022d:14,47ed045c:1",0.958,0.126,0.087,0.164,0.968,0.056,0.775,0.083,0.503,0.121
69,0.0,0.0,1,7.665939787082428,2.3263500634810024,0,4,4,"7a258283:14,0871022d:14,47ed045c:1",0.948,0.151,0.087,0.172,0.968,0.056,0.784,0.089,0.528,0.125
70,0.0,0.0,1,8.682571420041276,2.3884094885481084,0,4,4,"7a258283:14,0871022d:14,47ed045c:1",0.938,0.164,0.097,0.169,0.954,0.059,0.785,0.087,0.553,0.136
71,0.0,0.0,1,7.634956332936351,2.328071220246977,0,4,4,"7a258283:14,0871022d:14,47ed045c:1",0.949,0.149,0.082,0.166,0.972,0.057,0.782,0.089,0.552,0.131
72,0.0,0.0,1,8.797814888009079,2.327468673267888,0,4,4,"7a258283:14,0871022d:14,47ed045c:1",0.937,0.167,0.086,0.183,0.966,0.064,0.787,0.089,0.557,0.13
73,0.0,0.0,1,9.407742397852006,2.3855029004432553,0,4,4,"7a258283:15,0871022d:13,47ed045c:1",0.931,0.166,0.095,0.179,0.958,0.061,0.789,0.087,0.565,0.118
74,0.0,0.0,1,9.799422332232686,2.4058488056318037,0,4,4,"7a258283:16,0871022d:12,47ed045c:1",0.927,0.166,0.107,0.189,0.949,0.065,0.789,0.085,0.572,0.121
75,0.0,0.0,1,8.020487676073161,2.2293433844034003,0,4,4,"7a258283:16,0871022d:12,47ed045c:1",0.945,0.132,0.109,0.187,0.94,0.063,0.791,0.09,0.584,0.123
76,0.0,0.0,1,7.872918461951252,2.352024101156343,0,4,4,"7a258283:15,0871022d:13,47ed045c:1",0.946,0.141,0.088,0.185,0.966,0.062,0.786,0.088,0.567,0.122
77,0.0,0.0,1,8.583722517359563,2.239741912299955,0,3,3,"7a258283:15,0871022d:14,47ed045c:1",0.939,0.155,0.105,0.198,0.956,0.064,0.786,0.091,0.567,0.133
78,0.0,0.0,1,9.188231745687904,2.2457711048384374,0,3,3,"7a258283:15,0871022d:14,47ed045c:1",0.933,0.167,0.116,0.203,0.953,0.065,0.785,0.088,0.568,0.115
79,0.0,0.0,1,9.810665132760755,2.431476790743606,0,3,3,"7a258283:16,0871022d:13,47ed045c:1",0.927,0.176,0.124,0.213,0.956,0.071,0.789,0.092,0.56,0.119
80,0.0,0.0,1,10.059104152605205,2.2487005349407907,0,3,3,"7a258283:17,0871022d:12,47ed045c:1",0.924,0.172,0.129,0.209,0.962,0.062,0.787,0.092,0.55,0.119
81,0.0,0.0,1,10.7449293380015,2.3533759813190085,0,3,3,"7a258283:17,0871022d:12,47ed045c:1",0.918,0.177,0.147,0.209,0.95,0.062,0.785,0.095,0.549,0.12
82,0.0,0.0,1,10.80398719475866,2.248804546161134,0,3,3,"7a258283:18,0871022d:11,47ed045c:1",0.917,0.172,0.147,0.212,0.955,0.064,0.781,0.095,0.543,0.122
83,0.0,0.0,1,10.707678330384512,2.3620802579896734,0,3,3,"7a258283:19,0871022d:10,47ed045c:1",0.918,0.17,0.144,0.203,0.963,0.058,0.774,0.089,0.52,0.111
84,0.0,0.0,1,10.453755012558107,2.251887750003056,0,3,3,"7a258283:19,0871022d:10,47ed045c:1",0.92,0.165,0.16,0.204,0.951,0.06,0.773,0.085,0.529,0.094
85,0.0,0.0,1,10.506593085347259,2.3959416330009455,0,3,3,"7a258283:19,0871022d:10,47ed045c:1",0.92,0.169,0.168,0.204,0.948,0.061,0.772,0.087,0.525,0.09
86,0.0,0.0,1,10.468052553501073,2.4215789857788868,0,3,3,"7a258283:19,0871022d:10,47ed045c:1",0.92,0.172,0.159,0.204,0.953,0.061,0.769,0.086,0.518,0.086
87,0.0,0.0,1,10.228976518229116,2.406389072109365,0,3,3,"7a258283:19,0871022d:10,47ed045c:1",0.923,0.179,0.156,0.209,0.952,0.063,0.77,0.087,0.514,0.087
88,0.0,0.0,1,8.932991282887974,2.252000790944888,0,3,3,"7a258283:20,0871022d:9,47ed045c:1",0.936,0.155,0.141,0.199,0.954,0.063,0.776,0.089,0.517,0.09
89,0.0,0.0,1,8.415876670568043,2.254213844244173,0,3,3,"7a258283:20,0871022d:9,47ed045c:1",0.941,0.157,0.127,0.19,0.968,0.059,0.773,0.088,0.517,0.105
90,0.0,0.0,1,8.907940829108817,2.411122622651203,0,3,3,"7a258283:20,0871022d:9,47ed045c:1",0.936,0.16,0.135,0.193,0.964,0.058,0.771,0.086,0.518,0.106
91,0.0,0.0,1,9.34813090379473,2.350364702918335,0,3,3,"7a258283:19,0871022d:10,47ed045c:1",0.932,0.163,0.156,0.198,0.954,0.059,0.767,0.087,0.525,0.113
92,0.0,0.0,1,9.527045544731607,2.2496994010460605,0,3,3,"7a258283:19,0871022d:10,47ed045c:1",0.93,0.162,0.144,0.198,0.963,0.061,0.77,0.087,0.52,0.099
93,0.0,0.0,1,9.759280492170138,2.2499260871507554,0,3,3,"7a258283:19,0871022d:10,47ed045c:1",0.927,0.167,0.156,0.206,0.95,0.061,0.771,0.091,0.525,0.099
94,0.0,0.0,1,8.221773720119401,2.3922205985595264,0,3,3,"7a258283:19,0871022d:10,47ed045c:1",0.943,0.136,0.147,0.208,0.947,0.062,0.775,0.092,0.535,0.113
95,0.0,0.0,1,7.674222562522221,2.4166059195119467,0,3,3,"7a258283:19,0871022d:10,47ed045c:1",0.948,0.143,0.127,0.197,0.954,0.064,0.779,0.095,0.537,0.117
1,0.0,0.0,1,85.97485091209784,1.1634912285264014,0,6,6,"288fc9cf:8,8ccd70f8:7,7a258283:4",0.165,0.156,0.452,0.075,0.551,0.03,0.509,0.02,0.26,0.074
2,0.0,0.0,1,73.07862122579992,1.1670357495122707,0,6,6,"288fc9cf:7,8ccd70f8:7,0871022d:5",0.294,0.135,0.394,0.095,0.597,0.024,0.518,0.033,0.258,0.082
3,0.0,0.0,1,60.86995674678749,1.355897230835682,0,6,6,"8ccd70f8:7,288fc9cf:6,4897db4e:5",0.416,0.12,0.352,0.106,0.634,0.033,0.52,0.034,0.243,0.091
4,0.0,0.0,1,51.695536327881584,1.467664525693248,0,6,6,"8ccd70f8:7,4897db4e:6,288fc9cf:5",0.508,0.116,0.348,0.12,0.627,0.04,0.527,0.041,0.274,0.093
5,0.0,0.0,1,41.575940849340746,1.5241021759793552,0,6,6,"4897db4e:7,8ccd70f8:6,288fc9cf:5",0.609,0.115,0.328,0.14,0.657,0.049,0.539,0.042,0.299,0.092
6,0.0,0.0,1,32.92663641239841,1.6561204126627183,0,6,6,"4897db4e:8,8ccd70f8:6,288fc9cf:5",0.696,0.127,0.31,0.142,0.691,0.065,0.55,0.043,0.31,0.102
7,0.0,0.0,1,23.57269435963883,1.570449788402013,0,6,6,"4897db4e:9,8ccd70f8:6,288fc9cf:5",0.789,0.156,0.27,0.144,0.725,0.062,0.559,0.043,0.313,0.105
8,0.0,0.0,1,17.01358201752863,1.6118138976318215,0,6,6,"4897db4e:10,8ccd70f8:6,288fc9cf:5",0.855,0.171,0.233,0.157,0.853,0.076,0.652,0.065,0.404,0.107
9,0.0,0.0,1,13.479750691189388,1.873101325568573,0,6,6,"4897db4e:10,8ccd70f8:6,288fc9cf:5",0.89,0.175,0.201,0.161,0.906,0.104,0.691,0.08,0.427,0.113
10,0.0,0.0,1,11.905390415240074,1.9661735671661433,0,6,6,"4897db4e:11,288fc9cf:5,8ccd70f8:5",0.906,0.171,0.177,0.181,0.918,0.107,0.697,0.085,0.425,0.116
11,0.0,0.0,1,11.840693446637134,1.9797678228703615,0,6,6,"4897db4e:11,288fc9cf:5,8ccd70f8:5",0.907,0.176,0.182,0.183,0.905,0.108,0.704,0.091,0.443,0.12
12,0.0,0.0,1,11.480889325241035,1.9123455443260595,0,6,6,"4897db4e:12,288fc9cf:5,8ccd70f8:5",0.91,0.178,0.198,0.19,0.887,0.112,0.705,0.09,0.452,0.116
13,0.0,0.0,1,11.718561919534688,2.0369891486286096,0,6,6,"4897db4e:13,288fc9cf:5,8ccd70f8:5",0.908,0.18,0.208,0.184,0.871,0.112,0.709,0.083,0.468,0.104
14,0.0,0.0,1,11.280955108769593,1.905318190436586,0,6,6,"4897db4e:13,288fc9cf:5,8ccd70f8:5",0.912,0.176,0.182,0.194,0.891,0.113,0.71,0.084,0.461,0.11
15,0.0,0.0,1,10.898213314674642,2.1818662640813793,0,6,6,"4897db4e:14,288fc9cf:5,8ccd70f8:5",0.916,0.174,0.187,0.204,0.883,0.122,0.704,0.083,0.454,0.112
16,0.0,0.0,1,10.904439007764342,1.966666337174391,0,5,5,"4897db4e:15,288fc9cf:5,8ccd70f8:5",0.916,0.173,0.198,0.198,0.867,0.125,0.711,0.076,0.469,0.098
17,0.0,0.0,1,10.898311375793877,2.2059311201466905,0,5,5,"4897db4e:16,288fc9cf:5,8ccd70f8:5",0.916,0.173,0.206,0.186,0.851,0.123,0.715,0.075,0.486,0.101
18,0.0,0.0,1,10.856180271882668,2.187468785172265,0,5,5,"4897db4e:17,288fc9cf:5,8ccd70f8:4",0.916,0.172,0.19,0.185,0.866,0.119,0.713,0.073,0.48,0.108
19,0.0,0.0,1,11.057647978579716,2.1009690158000325,0,5,5,"4897db4e:18,288fc9cf:5,0871022d:3",0.914,0.176,0.201,0.185,0.849,0.119,0.715,0.069,0.489,0.099
20,0.0,0.0,1,10.952462688679091,2.273269174206532,0,5,5,"4897db4e:19,288fc9cf:4,0871022d:3",0.915,0.18,0.213,0.184,0.833,0.116,0.715,0.069,0.494,0.092
21,0.0,0.0,1,11.09520133200137,2.105568467769002,0,5,5,"4897db4e:20,288fc9cf:4,0871022d:3",0.914,0.18,0.189,0.182,0.847,0.116,0.72,0.072,0.481,0.093
22,0.0,0.0,1,11.378700725153593,2.1883254099130505,0,5,5,"4897db4e:21,0871022d:3,288fc9cf:3",0.911,0.183,0.187,0.192,0.839,0.115,0.724,0.076,0.497,0.093
23,0.0,0.0,1,11.408200882532135,2.3457568535993927,0,5,5,"4897db4e:22,288fc9cf:3,8ccd70f8:2",0.911,0.179,0.191,0.188,0.829,0.11,0.732,0.071,0.516,0.093
24,0.0,0.0,1,11.384037295946678,2.195280457462339,0,5,5,"4897db4e:23,8ccd70f8:2,288fc9cf:2",0.911,0.177,0.186,0.196,0.83,0.108,0.74,0.075,0.525,0.101
25,0.0,0.0,1,11.396571758456679,2.375579835754401,0,5,5,"4897db4e:24,8ccd70f8:2,288fc9cf:2",0.911,0.18,0.192,0.205,0.814,0.106,0.745,0.082,0.535,0.116
26,0.0,0.0,1,11.56151118361353,2.2388227576190847,0,4,4,"4897db4e:25,8ccd70f8:2,288fc9cf:2",0.909,0.18,0.187,0.192,0.811,0.106,0.75,0.08,0.536,0.11
27,0.0,0.0,1,11.356336494134881,2.2616557203321612,0,4,4,"4897db4e:26,8ccd70f8:2,288fc9cf:1",0.911,0.172,0.197,0.196,0.809,0.101,0.749,0.08,0.529,0.109
28,0.0,0.0,1,11.014940615640832,2.3033254278002153,0,4,4,"4897db4e:27,8ccd70f8:1,288fc9cf:1",0.915,0.173,0.196,0.197,0.815,0.105,0.748,0.077,0.534,0.116
29,0.0,0.0,1,10.88103798671426,2.2229534053769493,0,3,3,"4897db4e:28,288fc9cf:1,0871022d:1",0.916,0.174,0.2,0.192,0.811,0.111,0.748,0.078,0.536,0.115
30,0.0,0.0,1,11.076704067172589,2.2219662150529964,0,2,2,"4897db4e:29,0871022d:1",0.914,0.18,0.218,0.191,0.803,0.105,0.747,0.081,0.54,0.109
31,0.0,0.0,1,9.537259050232365,2.2184363499958715,0,2,2,"4897db4e:29,0871022d:1",0.93,0.165,0.219,0.188,0.803,0.105,0.743,0.079,0.531,0.106
32,0.0,0.0,1,10.071643076014581,2.4058738115031444,0,2,2,"4897db4e:29,0871022d:1",0.924,0.175,0.22,0.191,0.806,0.109,0.742,0.077,0.535,0.092
33,0.0,0.0,1,10.525217206696302,2.332641493004329,0,2,2,"4897db4e:29,0871022d:1",0.92,0.179,0.231,0.192,0.805,0.103,0.744,0.084,0.543,0.106
34,0.0,0.0,1,9.728986373131452,2.3873422707976233,0,2,2,"4897db4e:29,0871022d:1",0.928,0.174,0.222,0.184,0.809,0.105,0.741,0.083,0.538,0.111
35,0.0,0.0,1,10.075765491391207,2.343349554824846,0,2,2,"4897db4e:29,0871022d:1",0.924,0.172,0.205,0.174,0.819,0.107,0.751,0.078,0.545,0.095
36,0.0,0.0,1,10.44525878487175,2.379449876882743,0,2,2,"4897db4e:29,0871022d:1",0.921,0.174,0.216,0.176,0.819,0.115,0.743,0.079,0.543,0.112
37,0.0,0.0,1,10.959158626871599,2.293048203395611,0,2,2,"4897db4e:29,0871022d:1",0.915,0.178,0.197,0.184,0.826,0.122,0.752,0.077,0.555,0.115
38,0.0,0.0,1,11.031688230671433,2.248829653659577,0,2,2,"4897db4e:29,0871022d:1",0.915,0.174,0.195,0.19,0.835,0.12,0.751,0.076,0.555,0.114
39,0.0,0.0,1,10.88110268975979,2.3129156489727505,0,2,2,"4897db4e:29,0871022d:1",0.916,0.171,0.177,0.19,0.86,0.108,0.751,0.077,0.545,0.124
40,0.0,0.0,1,10.829034854985146,2.3349767398420074,0,2,2,"4897db4e:29,0871022d:1",0.917,0.171,0.189,0.189,0.856,0.102,0.748,0.073,0.547,0.114
41,0.0,0.0,1,10.738812846221578,2.225699166807222,0,2,2,"4897db4e:29,0871022d:1",0.918,0.175,0.201,0.195,0.844,0.098,0.745,0.072,0.544,0.115
42,0.0,0.0,1,10.713831355705464,2.1656043790043635,0,2,2,"4897db4e:29,0871022d:1",0.918,0.173,0.194,0.19,0.858,0.104,0.743,0.069,0.531,0.113
43,0.0,0.0,1,10.232346379720656,2.327394711881482,0,2,2,"4897db4e:29,0871022d:1",0.923,0.175,0.188,0.194,0.862,0.111,0.747,0.077,0.538,0.125
44,0.0,0.0,1,8.516232920874462,2.363715141451947,0,2,2,"4897db4e:29,0871022d:1",0.94,0.142,0.178,0.184,0.863,0.112,0.749,0.075,0.544,0.122
45,0.0,0.0,1,8.127745989025334,2.1874159099242396,0,2,2,"4897db4e:29,0871022d:1",0.944,0.15,0.172,0.182,0.866,0.116,0.747,0.074,0.543,0.127
46,0.0,0.0,1,8.696058687266861,2.153997643102601,0,2,2,"4897db4e:29,0871022d:1",0.938,0.159,0.183,0.184,0.862,0.11,0.748,0.075,0.552,0.125
47,0.0,0.0,1,9.346493394400637,2.152264385122221,0,2,2,"4897db4e:29,0871022d:1",0.932,0.169,0.163,0.18,0.878,0.116,0.755,0.073,0.549,0.127
48,0.0,0.0,1,8.699137959928642,2.2333320446406915,0,2,2,"4897db4e:29,0871022d:1",0.938,0.163,0.156,0.182,0.876,0.117,0.757,0.075,0.552,0.133
49,0.0,0.0,1,9.31507371264741,2.1518949408623547,0,2,2,"4897db4e:29,0871022d:1",0.932,0.165,0.161,0.188,0.878,0.114,0.762,0.079,0.564,0.138
50,0.0,0.0,1,9.88280230683358,2.1757091863238345,0,2,2,"4897db4e:29,0871022d:1",0.926,0.171,0.16,0.196,0.878,0.115,0.766,0.081,0.564,0.141
51,0.0,0.0,1,10.425105624101311,2.271686297759512,0,2,2,"4897db4e:29,0871022d:1",0.921,0.172,0.16,0.199,0.87,0.113,0.768,0.083,0.564,0.137
52,0.0,0.0,1,10.582204717864094,2.176245792395293,0,2,2,"4897db4e:29,0871022d:1",0.919,0.168,0.166,0.198,0.885,0.108,0.761,0.081,0.54,0.139
53,0.0,0.0,1,9.969589117627761,2.178828788890051,0,2,2,"4897db4e:29,0871022d:1",0.925,0.169,0.164,0.193,0.878,0.107,0.767,0.088,0.551,0.144
54,0.0,0.0,1,10.512017738664534,2.1551221683345325,0,2,2,"4897db4e:29,0871022d:1",0.92,0.178,0.181,0.194,0.87,0.106,0.76,0.089,0.542,0.138
55,0.0,0.0,1,10.885497891505006,2.1642084491504305,0,2,2,"4897db4e:29,0871022d:1",0.916,0.18,0.169,0.199,0.89,0.107,0.762,0.089,0.537,0.142
56,0.0,0.0,1,10.98641830761425,2.165676474910836,0,2,2,"4897db4e:29,0871022d:1",0.915,0.18,0.163,0.198,0.905,0.108,0.764,0.095,0.519,0.15
57,0.0,0.0,1,11.406213961506413,2.181114544350247,0,2,2,"4897db4e:29,0871022d:1",0.911,0.181,0.172,0.19,0.891,0.106,0.766,0.097,0.537,0.151
58,0.0,0.0,1,11.264963876743648,2.1764129719848655,0,2,2,"4897db4e:29,0871022d:1",0.912,0.184,0.172,0.188,0.881,0.104,0.768,0.091,0.544,0.147
59,0.0,0.0,1,11.632592580281006,2.31302189922297,0,2,2,"4897db4e:29,0871022d:1",0.909,0.183,0.191,0.194,0.868,0.102,0.766,0.09,0.562,0.141
60,0.0,0.0,1,10.595773567800073,2.159484709759699,0,2,2,"4897db4e:29,0871022d:1",0.919,0.177,0.2,0.198,0.863,0.1,0.763,0.093,0.557,0.151
61,0.0,0.0,1,10.507103123214673,2.2501568676257118,0,2,2,"4897db4e:29,0871022d:1",0.92,0.174,0.17,0.189,0.886,0.106,0.764,0.09,0.549,0.148
62,0.0,0.0,1,9.734668754150258,2.355869268797607,0,2,2,"4897db4e:29,0871022d:1",0.928,0.17,0.155,0.192,0.896,0.108,0.767,0.091,0.548,0.146
63,0.0,0.0,1,10.099437251611205,2.151034083428548,0,2,2,"4897db4e:29,0871022d:1",0.924,0.173,0.15,0.19,0.911,0.112,0.764,0.087,0.527,0.148
64,0.0,0.0,1,8.824502673939454,2.3131764600559834,0,2,2,"4897db4e:29,0871022d:1",0.937,0.152,0.136,0.183,0.918,0.109,0.766,0.08,0.526,0.147
65,0.0,0.0,1,9.335272439953345,2.167353121348332,0,2,2,"4897db4e:29,0871022d:1",0.932,0.16,0.144,0.194,0.907,0.11,0.761,0.077,0.528,0.132
66,0.0,0.0,1,9.658838214294788,2.3344122936301526,0,2,2,"4897db4e:29,0871022d:1",0.928,0.167,0.16,0.203,0.893,0.108,0.764,0.083,0.54,0.129
67,0.0,0.0,1,9.815981174677487,2.3115999620529784,0,2,2,"4897db4e:29,0871022d:1",0.927,0.17,0.156,0.2,0.906,0.113,0.759,0.081,0.524,0.13
68,0.0,0.0,1,10.177253516652055,2.1956787723049933,0,2,2,"4897db4e:29,0871022d:1",0.923,0.174,0.155,0.199,0.905,0.114,0.757,0.079,0.523,0.13
69,0.0,0.0,1,10.172532133348932,2.2744196192344113,0,2,2,"4897db4e:29,0871022d:1",0.923,0.174,0.157,0.202,0.897,0.114,0.762,0.084,0.539,0.144
70,0.0,0.0,1,9.179223702527723,2.168907364813549,0,2,2,"4897db4e:29,0871022d:1",0.933,0.159,0.161,0.201,0.895,0.113,0.759,0.082,0.541,0.136
71,0.0,0.0,1,9.01205166900137,2.315266849832822,0,2,2,"4897db4e:29,0871022d:1",0.935,0.162,0.155,0.194,0.887,0.111,0.766,0.08,0.565,0.137
72,0.0,0.0,1,9.670475481005354,2.274325795131376,0,2,2,"4897db4e:29,0871022d:1",0.928,0.168,0.147,0.198,0.894,0.119,0.766,0.082,0.56,0.144
73,0.0,0.0,1,10.014259958107667,2.1429846163930013,0,2,2,"4897db4e:29,0871022d:1",0.925,0.168,0.154,0.203,0.894,0.119,0.764,0.084,0.561,0.147
74,0.0,0.0,1,9.645851045800825,2.166759558789585,0,2,2,"4897db4e:29,0871022d:1",0.929,0.17,0.156,0.207,0.89,0.12,0.767,0.087,0.567,0.145
75,0.0,0.0,1,9.908255758214288,2.1618386784292105,0,2,2,"4897db4e:29,0871022d:1",0.926,0.167,0.15,0.204,0.904,0.117,0.769,0.087,0.568,0.153
76,0.0,0.0,1,10.323218749478418,2.176841871757327,0,2,2,"4897db4e:29,0871022d:1",0.922,0.172,0.167,0.203,0.892,0.116,0.768,0.088,0.569,0.141
77,0.0,0.0,1,10.590427921233472,2.1369388460630394,0,2,2,"4897db4e:29,0871022d:1",0.919,0.174,0.18,0.212,0.884,0.116,0.765,0.082,0.566,0.135
78,0.0,0.0,1,10.95850822911405,2.151596006797899,0,2,2,"4897db4e:29,0871022d:1",0.915,0.179,0.198,0.217,0.88,0.109,0.762,0.084,0.557,0.129
79,0.0,0.0,1,9.53631194091723,2.190730095358833,0,2,2,"4897db4e:29,0871022d:1",0.93,0.168,0.166,0.197,0.893,0.111,0.771,0.079,0.566,0.132
80,0.0,0.0,1,8.11030330403749,2.1705637188431206,0,2,2,"4897db4e:29,0871022d:1",0.944,0.147,0.171,0.196,0.887,0.109,0.768,0.079,0.568,0.135
81,0.0,0.0,1,8.502336560988843,2.3070533995003126,0,2,2,"4897db4e:29,0871022d:1",0.94,0.159,0.164,0.196,0.888,0.112,0.77,0.079,0.564,0.137
82,0.0,0.0,1,9.426293583366657,2.297173889789063,0,2,2,"4897db4e:29,0871022d:1",0.931,0.168,0.168,0.19,0.875,0.11,0.776,0.08,0.581,0.134
83,0.0,0.0,1,10.245546695451635,2.157636318087725,0,2,2,"4897db4e:29,0871022d:1",0.923,0.175,0.168,0.195,0.871,0.113,0.778,0.086,0.589,0.145
84,0.0,0.0,1,10.538719348255038,2.1551367544274878,0,2,2,"4897db4e:29,0871022d:1",0.92,0.174,0.163,0.184,0.86,0.111,0.781,0.088,0.598,0.139
85,0.0,0.0,1,10.743278575826631,2.149832683138487,0,2,2,"4897db4e:29,0871022d:1",0.918,0.174,0.126,0.174,0.893,0.099,0.79,0.08,0.594,0.13
86,0.0,0.0,1,10.60214638831972,2.171884269296499,0,2,2,"4897db4e:29,0871022d:1",0.919,0.173,0.141,0.181,0.884,0.099,0.786,0.079,0.591,0.126
87,0.0,0.0,1,10.998757108444725,2.1754635018814428,0,2,2,"4897db4e:29,0871022d:1",0.915,0.178,0.155,0.191,0.879,0.099,0.78,0.078,0.592,0.124
88,0.0,0.0,1,9.165081696118762,2.175730821168198,0,2,2,"4897db4e:29,0871022d:1",0.933,0.142,0.16,0.189,0.873,0.099,0.774,0.077,0.592,0.135
89,0.0,0.0,1,8.04466767866154,2.3561363940429203,0,2,2,"4897db4e:29,0871022d:1",0.945,0.143,0.14,0.182,0.892,0.098,0.772,0.076,0.578,0.137
90,0.0,0.0,1,8.862016962116313,2.193331641082889,0,2,2,"4897db4e:29,0871022d:1",0.936,0.161,0.154,0.185,0.884,0.098,0.771,0.073,0.583,0.125
91,0.0,0.0,1,9.348522159609114,2.3814464846686176,0,2,2,"4897db4e:29,0871022d:1",0.932,0.168,0.133,0.181,0.91,0.096,0.768,0.073,0.562,0.124
92,0.0,0.0,1,9.797253908781967,2.327146032529992,0,2,2,"4897db4e:29,0871022d:1",0.927,0.171,0.134,0.173,0.899,0.096,0.773,0.076,0.575,0.131
93,0.0,0.0,1,10.4265650544561,2.166986914012216,0,2,2,"4897db4e:29,0871022d:1",0.921,0.174,0.148,0.186,0.9,0.081,0.768,0.075,0.571,0.117
94,0.0,0.0,1,10.332039212696657,2.17440957853278,0,2,2,"4897db4e:29,0871022d:1",0.922,0.17,0.122,0.177,0.925,0.081,0.765,0.074,0.559,0.118
95,0.0,0.0,1,8.753169829694619,2.2729282903678967,0,2,2,"4897db4e:29,0871022d:1",0.937,0.154,0.104,0.164,0.94,0.077,0.765,0.073,0.544,0.116
96,0.0,0.0,1,9.316829515875899,2.1720928158043598,0,2,2,"4897db4e:29,0871022d:1",0.932,0.165,0.118,0.169,0.93,0.081,0.764,0.073,0.554,0.126
97,0.0,0.0,1,9.784050407842559,2.1801858712609175,0,2,2,"4897db4e:29,0871022d:1",0.927,0.167,0.109,0.175,0.945,0.079,0.758,0.072,0.537,0.125
98,0.0,0.0,1,10.160071209985745,2.304830116151462,0,2,2,"4897db4e:29,0871022d:1",0.923,0.171,0.112,0.176,0.943,0.08,0.757,0.07,0.532,0.125
99,0.0,0.0,1,9.906135752263069,2.3274861385485326,0,2,2,"4897db4e:29,0871022d:1",0.926,0.171,0.104,0.167,0.932,0.081,0.763,0.071,0.554,0.121
100,0.0,0.0,1,10.395012675063363,2.3344383988368165,0,2,2,"4897db4e:29,0871022d:1",0.921,0.175,0.103,0.178,0.937,0.086,0.765,0.075,0.553,0.124
101,0.0,0.0,1,9.244835161242225,2.2074743310623184,0,2,2,"4897db4e:29,0871022d:1",0.933,0.161,0.083,0.172,0.953,0.085,0.767,0.074,0.543,0.125
102,0.0,0.0,1,10.118113098182139,2.392104169283659,0,2,2,"4897db4e:29,0871022d:1",0.924,0.173,0.1,0.176,0.939,0.087,0.768,0.078,0.556,0.113
103,0.0,0.0,1,10.40286713398643,2.2235670334871362,0,2,2,"4897db4e:29,0871022d:1",0.921,0.175,0.1,0.184,0.947,0.082,0.771,0.082,0.541,0.111
104,0.0,0.0,1,10.648172919354675,2.201653953978033,0,2,2,"4897db4e:29,0871022d:1",0.919,0.177,0.101,0.186,0.95,0.081,0.769,0.084,0.533,0.12
105,0.0,0.0,1,11.131536132886612,2.328232548724439,0,2,2,"4897db4e:29,0871022d:1",0.914,0.185,0.111,0.18,0.935,0.083,0.77,0.084,0.545,0.123
106,0.0,0.0,1,11.380037505660264,2.3722966338704157,0,2,2,"4897db4e:29,0871022d:1",0.911,0.185,0.115,0.194,0.922,0.084,0.776,0.084,0.558,0.114
107,0.0,0.0,1,11.63152862568759,2.2043275690180844,0,2,2,"4897db4e:29,0871022d:1",0.909,0.187,0.129,0.202,0.91,0.085,0.78,0.078,0.57,0.103
108,0.0,0.0,1,11.71381450029326,2.349594759797036,0,2,2,"4897db4e:29,0871022d:1",0.908,0.188,0.152,0.208,0.896,0.085,0.77,0.074,0.561,0.1
109,0.0,0.0,1,11.864743138210976,2.370421820066962,0,2,2,"4897db4e:29,0871022d:1",0.906,0.188,0.154,0.202,0.889,0.088,0.771,0.066,0.574,0.088
110,0.0,0.0,1,10.021197729081303,2.2162934361054942,0,2,2,"4897db4e:29,0871022d:1",0.925,0.159,0.156,0.198,0.881,0.086,0.768,0.066,0.572,0.093
111,0.0,0.0,1,10.333687778521334,2.223760993572384,0,2,2,"4897db4e:29,0871022d:1",0.922,0.168,0.176,0.204,0.871,0.086,0.762,0.064,0.572,0.102
112,0.0,0.0,1,10.753171519522773,2.4083463175015205,0,2,2,"4897db4e:29,0871022d:1",0.917,0.177,0.179,0.21,0.862,0.086,0.77,0.074,0.583,0.121
113,0.0,0.0,1,10.682504376610293,2.2024625317990725,0,2,2,"4897db4e:29,0871022d:1",0.918,0.179,0.153,0.207,0.892,0.085,0.768,0.075,0.57,0.119
114,0.0,0.0,1,11.05798592995514,2.211968068076546,0,2,2,"4897db4e:29,0871022d:1",0.914,0.18,0.169,0.207,0.88,0.084,0.764,0.077,0.571,0.126
115,0.0,0.0,1,11.163555350128124,2.2071995080257336,0,2,2,"4897db4e:29,0871022d:1",0.913,0.179,0.173,0.2,0.868,0.082,0.766,0.078,0.575,0.118
116,0.0,0.0,1,11.180903489796894,2.344216838101511,0,2,2,"4897db4e:29,0871022d:1",0.913,0.177,0.177,0.198,0.861,0.08,0.764,0.077,0.587,0.126
117,0.0,0.0,1,9.429232051551722,2.2163907603593964,0,2,2,"4897db4e:29,0871022d:1",0.931,0.154,0.16,0.191,0.873,0.082,0.763,0.079,0.581,0.133
118,0.0,0.0,1,10.00624610952874,2.315209335031393,0,2,2,"4897db4e:29,0871022d:1",0.925,0.165,0.164,0.202,0.866,0.082,0.766,0.078,0.582,0.127
119,0.0,0.0,1,9.475274548968644,2.326989766108381,0,2,2,"4897db4e:29,0871022d:1",0.93,0.166,0.176,0.205,0.858,0.08,0.76,0.076,0.584,0.121
120,0.0,0.0,1,9.722843476104776,2.393688928129607,0,2,2,"4897db4e:29,0871022d:1",0.928,0.177,0.186,0.206,0.85,0.079,0.757,0.075,0.581,0.12
121,0.0,0.0,1,8.090837620063775,2.2107551504915306,0,2,2,"4897db4e:29,0871022d:1",0.944,0.142,0.148,0.201,0.883,0.081,0.758,0.077,0.566,0.124
122,0.0,0.0,1,9.067025818595795,2.389503517366603,0,2,2,"4897db4e:29,0871022d:1",0.934,0.158,0.155,0.198,0.876,0.079,0.76,0.081,0.58,0.127
123,0.0,0.0,1,9.404662402317319,2.2479808218389095,0,2,2,"4897db4e:29,0871022d:1",0.931,0.171,0.161,0.204,0.87,0.08,0.758,0.082,0.585,0.123
124,0.0,0.0,1,9.910486032217042,2.3855593246704605,0,2,2,"4897db4e:29,0871022d:1",0.926,0.174,0.176,0.211,0.863,0.079,0.756,0.086,0.58,0.128
125,0.0,0.0,1,10.210177112026257,2.38699251123192,0,2,2,"4897db4e:29,0871022d:1",0.923,0.174,0.178,0.207,0.869,0.075,0.753,0.086,0.58,0.139
126,0.0,0.0,1,8.690289075664035,2.3584035550252156,0,2,2,"4897db4e:29,0871022d:1",0.938,0.146,0.182,0.206,0.862,0.074,0.755,0.096,0.582,0.15
127,0.0,0.0,1,8.10854240569173,2.32073661308666,0,2,2,"4897db4e:29,0871022d:1",0.944,0.147,0.161,0.201,0.877,0.069,0.755,0.092,0.581,0.146
128,0.0,0.0,1,8.814150682403502,2.237254261373865,0,2,2,"4897db4e:29,0871022d:1",0.937,0.158,0.155,0.199,0.902,0.07,0.753,0.087,0.561,0.141
129,0.0,0.0,1,8.881856588025027,2.2026685891913815,0,2,2,"4897db4e:29,0871022d:1",0.936,0.165,0.142,0.192,0.923,0.072,0.757,0.089,0.551,0.137
130,0.0,0.0,1,9.595769428375474,2.348877798018777,0,2,2,"4897db4e:29,0871022d:1",0.929,0.173,0.15,0.194,0.912,0.073,0.761,0.091,0.562,0.131
131,0.0,0.0,1,10.18350688730375,2.4121805004930943,0,2,2,"4897db4e:29,0871022d:1",0.923,0.175,0.168,0.193,0.899,0.073,0.758,0.089,0.557,0.128
132,0.0,0.0,1,10.675402809808952,2.213594784246888,0,2,2,"4897db4e:29,0871022d:1",0.918,0.177,0.164,0.196,0.894,0.074,0.767,0.095,0.577,0.121
133,0.0,0.0,1,11.026622713824164,2.214019704244495,0,2,2,"4897db4e:29,0871022d:1",0.915,0.179,0.166,0.205,0.905,0.084,0.76,0.092,0.564,0.119
134,0.0,0.0,1,9.625604843904924,2.392024395296778,0,2,2,"4897db4e:29,0871022d:1",0.929,0.164,0.157,0.204,0.903,0.083,0.766,0.091,0.575,0.121
135,0.0,0.0,1,9.945872605918298,2.240862650890356,0,2,2,"4897db4e:29,0871022d:1",0.926,0.167,0.171,0.202,0.89,0.081,0.767,0.089,0.586,0.131
136,0.0,0.0,1,10.35244767247211,2.2033927100984307,0,2,2,"4897db4e:29,0871022d:1",0.921,0.172,0.178,0.211,0.884,0.085,0.763,0.088,0.578,0.127
137,0.0,0.0,1,8.755103462167606,2.2091876371934136,0,2,2,"4897db4e:29,0871022d:1",0.937,0.143,0.157,0.199,0.891,0.09,0.768,0.09,0.576,0.128
138,0.0,0.0,1,9.172677748695063,2.2044682478393907,0,2,2,"4897db4e:29,0871022d:1",0.933,0.159,0.175,0.205,0.885,0.087,0.763,0.089,0.576,0.129
139,0.0,0.0,1,8.520305234877256,2.382684397137834,0,2,2,"4897db4e:29,0871022d:1",0.94,0.158,0.156,0.195,0.894,0.081,0.77,0.091,0.586,0.126
140,0.0,0.0,1,9.231035530288894,2.290324131245525,0,2,2,"4897db4e:29,0871022d:1",0.933,0.171,0.168,0.198,0.883,0.081,0.771,0.092,0.585,0.139
141,0.0,0.0,1,9.818070558970676,2.2071812037041387,0,2,2,"4897db4e:29,0871022d:1",0.927,0.177,0.164,0.198,0.872,0.081,0.782,0.095,0.608,0.125
142,0.0,0.0,1,10.634996698380803,2.1957115718337255,0,2,2,"4897db4e:29,0871022d:1",0.919,0.183,0.176,0.198,0.865,0.079,0.777,0.095,0.605,0.132
143,0.0,0.0,1,10.912192829355686,2.1999767261174727,0,2,2,"4897db4e:29,0871022d:1",0.916,0.18,0.176,0.199,0.872,0.076,0.773,0.088,0.598,0.134
144,0.0,0.0,1,9.93058336309789,2.2022813845372124,0,2,2,"4897db4e:29,0871022d:1",0.926,0.17,0.149,0.191,0.897,0.076,0.771,0.085,0.596,0.128
145,0.0,0.0,1,10.329632857840728,2.2472496148962446,0,2,2,"4897db4e:29,0871022d:1",0.922,0.178,0.153,0.189,0.889,0.075,0.768,0.085,0.594,0.123
146,0.0,0.0,1,8.594439467633238,2.20181964011491,0,2,2,"4897db4e:29,0871022d:1",0.939,0.145,0.147,0.179,0.882,0.074,0.773,0.089,0.612,0.127
147,0.0,0.0,1,9.314401365380586,2.2005098268845678,0,2,2,"4897db4e:29,0871022d:1",0.932,0.159,0.159,0.184,0.871,0.073,0.774,0.093,0.614,0.13
148,0.0,0.0,1,8.138311786492778,2.321499641548347,0,2,2,"4897db4e:29,0871022d:1",0.944,0.143,0.152,0.18,0.864,0.072,0.778,0.091,0.617,0.123
149,0.0,0.0,1,8.682412238273438,2.3649437382499445,0,2,2,"4897db4e:29,0871022d:1",0.938,0.155,0.126,0.179,0.892,0.076,0.78,0.092,0.605,0.112
150,0.0,0.0,1,9.313673744870483,2.3436503408044573,0,2,2,"4897db4e:29,0871022d:1",0.932,0.169,0.146,0.188,0.882,0.076,0.775,0.09,0.607,0.118
151,0.0,0.0,1,9.812560118971447,2.303190219677994,0,2,2,"4897db4e:29,0871022d:1",0.927,0.176,0.163,0.191,0.871,0.075,0.772,0.09,0.6,0.124
152,0.0,0.0,1,8.647877088912349,2.2144628226364382,0,2,2,"4897db4e:29,0871022d:1",0.939,0.161,0.16,0.184,0.865,0.075,0.771,0.088,0.605,0.123
153,0.0,0.0,1,9.636355676285332,2.3382879161195724,0,2,2,"4897db4e:29,0871022d:1",0.929,0.17,0.163,0.173,0.858,0.074,0.769,0.086,0.609,0.123
154,0.0,0.0,1,10.05326213860895,2.210634234266209,0,2,2,"4897db4e:29,0871022d:1",0.924,0.17,0.143,0.181,0.89,0.077,0.766,0.086,0.593,0.121
155,0.0,0.0,1,8.542593245680463,2.306363650245438,0,2,2,"4897db4e:29,0871022d:1",0.94,0.15,0.144,0.181,0.885,0.076,0.766,0.085,0.592,0.121
156,0.0,0.0,1,8.45839725388715,2.2122018620589445,0,2,2,"4897db4e:29,0871022d:1",0.94,0.163,0.145,0.184,0.876,0.075,0.768,0.082,0.607,0.122
157,0.0,0.0,1,7.829217500643815,2.212280363621008,0,2,2,"4897db4e:29,0871022d:1",0.947,0.159,0.144,0.177,0.869,0.073,0.777,0.083,0.621,0.125
158,0.0,0.0,1,8.765468765630288,2.3825358621927095,0,2,2,"4897db4e:29,0871022d:1",0.937,0.168,0.137,0.183,0.884,0.081,0.775,0.081,0.61,0.123
159,0.0,0.0,1,9.725268191108066,2.3242401714730643,0,2,2,"4897db4e:29,0871022d:1",0.928,0.174,0.157,0.191,0.874,0.081,0.771,0.08,0.599,0.126
160,0.0,0.0,1,10.37274868404859,2.4212074181646677,0,2,2,"4897db4e:29,0871022d:1",0.921,0.178,0.159,0.189,0.887,0.079,0.764,0.077,0.586,0.124
161,0.0,0.0,1,11.023189055945602,2.3411082359332185,0,2,2,"4897db4e:29,0871022d:1",0.915,0.179,0.152,0.199,0.893,0.08,0.766,0.075,0.58,0.129
162,0.0,0.0,1,10.308664999609281,2.2379940970171837,0,2,2,"4897db4e:29,0871022d:1",0.922,0.174,0.134,0.192,0.923,0.078,0.763,0.079,0.557,0.135
163,0.0,0.0,1,10.603136248453799,2.2931586011832374,0,2,2,"4897db4e:29,0871022d:1",0.919,0.176,0.127,0.198,0.927,0.079,0.772,0.083,0.552,0.14
164,0.0,0.0,1,10.93913668460664,2.355745088504356,0,2,2,"4897db4e:29,0871022d:1",0.916,0.18,0.145,0.205,0.915,0.077,0.774,0.088,0.565,0.136
165,0.0,0.0,1,11.085369627915663,2.2056055418541427,0,2,2,"4897db4e:29,0871022d:1",0.914,0.178,0.135,0.207,0.933,0.078,0.783,0.087,0.564,0.125
166,0.0,0.0,1,9.89127367665833,2.2329265454621923,0,2,2,"4897db4e:29,0871022d:1",0.926,0.168,0.128,0.199,0.937,0.078,0.782,0.09,0.557,0.133
167,0.0,0.0,1,10.437135098878123,2.216046019442586,0,2,2,"4897db4e:29,0871022d:1",0.921,0.174,0.14,0.204,0.926,0.079,0.783,0.09,0.565,0.137
168,0.0,0.0,1,10.592032116527896,2.223961399848964,0,2,2,"4897db4e:29,0871022d:1",0.919,0.177,0.161,0.211,0.912,0.079,0.779,0.089,0.562,0.137
169,0.0,0.0,1,10.524605564231184,2.2392308300579558,0,2,2,"4897db4e:29,0871022d:1",0.92,0.181,0.158,0.209,0.902,0.079,0.785,0.086,0.575,0.129
170,0.0,0.0,1,11.064941744197418,2.311247496531723,0,2,2,"4897db4e:29,0871022d:1",0.914,0.18,0.157,0.207,0.912,0.083,0.78,0.083,0.554,0.122
171,0.0,0.0,1,11.60799189750504,2.3525591265573587,0,2,2,"4897db4e:29,0871022d:1",0.909,0.184,0.162,0.207,0.901,0.083,0.785,0.082,0.577,0.129
172,0.0,0.0,1,11.544560291164535,2.3834110298247806,0,2,2,"4897db4e:29,0871022d:1",0.91,0.185,0.154,0.198,0.894,0.082,0.79,0.084,0.584,0.126
173,0.0,0.0,1,11.862204789794077,2.275112719071723,0,2,2,"4897db4e:29,0871022d:1",0.906,0.188,0.169,0.203,0.884,0.081,0.783,0.082,0.581,0.125
174,0.0,0.0,1,10.411736563308093,2.3539640925499734,0,2,2,"4897db4e:29,0871022d:1",0.921,0.174,0.154,0.202,0.897,0.083,0.781,0.082,0.571,0.119
175,0.0,0.0,1,10.534909051801582,2.283803940188201,0,2,2,"4897db4e:29,0871022d:1",0.92,0.178,0.161,0.203,0.884,0.082,0.784,0.084,0.571,0.125
176,0.0,0.0,1,9.339487594204616,2.352127850277743,0,2,2,"4897db4e:29,0871022d:1",0.932,0.165,0.158,0.199,0.877,0.08,0.788,0.085,0.576,0.12
177,0.0,0.0,1,9.612475855159442,2.2188389732824,0,2,2,"4897db4e:29,0871022d:1",0.929,0.171,0.141,0.194,0.909,0.084,0.786,0.082,0.56,0.132
178,0.0,0.0,1,8.911718821008812,2.2279959180627804,0,2,2,"4897db4e:29,0871022d:1",0.936,0.169,0.14,0.201,0.915,0.089,0.786,0.083,0.568,0.125
179,0.0,0.0,1,9.500962932731465,2.2998703653644745,0,2,2,"4897db4e:29,0871022d:1",0.93,0.173,0.137,0.198,0.92,0.086,0.783,0.082,0.561,0.131
180,0.0,0.0,1,8.137811869210251,2.2316433591910894,0,2,2,"4897db4e:29,0871022d:1",0.944,0.144,0.144,0.195,0.912,0.084,0.778,0.08,0.558,0.129
181,0.0,0.0,1,8.709198818894457,2.361271128454741,0,2,2,"4897db4e:29,0871022d:1",0.938,0.162,0.138,0.191,0.902,0.084,0.784,0.083,0.568,0.125
182,0.0,0.0,1,9.781347057738076,2.235415199476292,0,2,2,"4897db4e:29,0871022d:1",0.927,0.174,0.157,0.199,0.889,0.083,0.778,0.083,0.566,0.121
183,0.0,0.0,1,10.335625111447762,2.244228094113867,0,2,2,"4897db4e:29,0871022d:1",0.922,0.174,0.131,0.198,0.917,0.086,0.781,0.088,0.554,0.136
184,0.0,0.0,1,10.69564325908875,2.3421963628262215,0,2,2,"4897db4e:29,0871022d:1",0.918,0.177,0.13,0.186,0.904,0.086,0.789,0.09,0.581,0.126
185,0.0,0.0,1,11.031048042168138,2.2352315369440143,0,2,2,"4897db4e:29,0871022d:1",0.915,0.181,0.126,0.189,0.925,0.088,0.783,0.086,0.562,0.122
186,0.0,0.0,1,9.785803804768126,2.2321197495974716,0,2,2,"4897db4e:29,0871022d:1",0.927,0.166,0.125,0.18,0.915,0.088,0.786,0.082,0.584,0.116
187,0.0,0.0,1,10.537172610721655,2.333930267362607,0,2,2,"4897db4e:29,0871022d:1",0.92,0.178,0.144,0.184,0.901,0.087,0.782,0.079,0.583,0.107
188,0.0,0.0,1,11.060516964221506,2.231532082352734,0,2,2,"4897db4e:29,0871022d:1",0.914,0.182,0.154,0.193,0.892,0.089,0.783,0.082,0.592,0.107
189,0.0,0.0,1,11.312992992732626,2.225500688739304,0,2,2,"4897db4e:29,0871022d:1",0.912,0.186,0.161,0.193,0.879,0.087,0.789,0.084,0.602,0.102
190,0.0,0.0,1,11.711937406877594,2.4074699693354717,0,2,2,"4897db4e:29,0871022d:1",0.908,0.187,0.169,0.19,0.869,0.087,0.787,0.081,0.618,0.106
191,0.0,0.0,1,9.6235081447087,2.3923504249912084,0,2,2,"4897db4e:29,0871022d:1",0.929,0.153,0.171,0.183,0.862,0.085,0.783,0.08,0.616,0.112
192,0.0,0.0,1,10.040687743101218,2.4679578197766063,0,2,2,"4897db4e:29,0871022d:1",0.925,0.162,0.155,0.186,0.877,0.09,0.787,0.08,0.622,0.123
193,0.0,0.0,1,10.418999606609415,2.243305894896256,0,2,2,"4897db4e:29,0871022d:1",0.921,0.17,0.169,0.187,0.867,0.089,0.783,0.077,0.629,0.114
194,0.0,0.0,1,10.402025237320279,2.267224636761964,0,2,2,"4897db4e:29,0871022d:1",0.921,0.173,0.168,0.19,0.86,0.087,0.79,0.082,0.637,0.121
195,0.0,0.0,1,10.672380230495124,2.4115521185474322,0,2,2,"4897db4e:29,0871022d:1",0.918,0.179,0.15,0.176,0.876,0.088,0.789,0.079,0.632,0.115
196,0.0,0.0,1,8.707080187783605,2.200102094254989,0,2,2,"4897db4e:29,0871022d:1",0.938,0.145,0.117,0.165,0.899,0.092,0.789,0.079,0.615,0.108
197,0.0,0.0,1,9.415552583131259,2.411844366325679,0,2,2,"4897db4e:29,0871022d:1",0.931,0.16,0.137,0.176,0.889,0.091,0.783,0.078,0.618,0.12
198,0.0,0.0,1,9.893662192641685,2.2111490113984114,0,2,2,"4897db4e:29,0871022d:1",0.926,0.17,0.143,0.185,0.876,0.089,0.79,0.076,0.623,0.125
199,0.0,0.0,1,10.338895728069373,2.2108675760787637,0,2,2,"4897db4e:29,0871022d:1",0.922,0.179,0.16,0.194,0.867,0.088,0.787,0.079,0.619,0.132
200,0.0,0.0,1,10.632509862383543,2.2143772698083706,0,2,2,"4897db4e:29,0871022d:1",0.919,0.179,0.145,0.197,0.907,0.071,0.777,0.075,0.583,0.121
201,0.0,0.0,1,11.143985067443497,2.2130601645719947,0,2,2,"4897db4e:29,0871022d:1",0.914,0.182,0.16,0.202,0.895,0.071,0.776,0.077,0.596,0.126
202,0.0,0.0,1,11.436777745296302,2.2080781204621767,0,2,2,"4897db4e:29,0871022d:1",0.911,0.181,0.143,0.191,0.909,0.069,0.782,0.083,0.595,0.137
203,0.0,0.0,1,11.727985899380748,2.200987289996749,0,2,2,"4897db4e:29,0871022d:1",0.908,0.181,0.153,0.199,0.899,0.07,0.779,0.081,0.592,0.13
204,0.0,0.0,1,10.56461593433875,2.3329339662113906,0,2,2,"4897db4e:29,0871022d:1",0.919,0.169,0.126,0.191,0.927,0.069,0.779,0.079,0.581,0.12
205,0.0,0.0,1,10.761508547864352,2.214100800955757,0,2,2,"4897db4e:29,0871022d:1",0.917,0.171,0.144,0.198,0.914,0.071,0.773,0.077,0.579,0.122
206,0.0,0.0,1,10.187770604435178,2.216389004764083,0,2,2,"4897db4e:29,0871022d:1",0.923,0.175,0.139,0.204,0.922,0.074,0.774,0.073,0.569,0.115
207,0.0,0.0,1,10.353625052555097,2.4507951986998924,0,2,2,"4897db4e:29,0871022d:1",0.921,0.18,0.149,0.212,0.912,0.075,0.775,0.077,0.576,0.123
208,0.0,0.0,1,10.928582546687464,2.226213247212557,0,2,2,"4897db4e:29,0871022d:1",0.916,0.18,0.154,0.207,0.903,0.074,0.775,0.077,0.579,0.128
209,0.0,0.0,1,11.269548569411446,2.2685929565316947,0,2,2,"4897db4e:29,0871022d:1",0.912,0.182,0.163,0.212,0.895,0.075,0.774,0.08,0.583,0.123
210,0.0,0.0,1,11.727025478538394,2.2018943186791984,0,2,2,"4897db4e:29,0871022d:1",0.908,0.182,0.171,0.207,0.884,0.075,0.772,0.078,0.584,0.113
211,0.0,0.0,1,10.77987151191833,2.2859276096564423,0,2,2,"4897db4e:29,0871022d:1",0.917,0.178,0.164,0.185,0.877,0.072,0.774,0.075,0.592,0.114
212,0.0,0.0,1,10.785613476982178,2.2045296397255503,0,2,2,"4897db4e:29,0871022d:1",0.917,0.181,0.143,0.192,0.91,0.072,0.768,0.073,0.557,0.109
213,0.0,0.0,1,10.173330364103277,2.35683169598522,0,2,2,"4897db4e:29,0871022d:1",0.923,0.181,0.138,0.179,0.902,0.07,0.769,0.074,0.575,0.104
214,0.0,0.0,1,10.254110328755191,2.3281491467679376,0,2,2,"4897db4e:29,0871022d:1",0.922,0.175,0.112,0.176,0.931,0.068,0.77,0.076,0.56,0.11
215,0.0,0.0,1,10.920487784951883,2.317402509012239,0,2,2,"4897db4e:29,0871022d:1",0.916,0.179,0.131,0.186,0.922,0.069,0.764,0.076,0.554,0.107
216,0.0,0.0,1,9.905433235374357,2.208941693215653,0,2,2,"4897db4e:29,0871022d:1",0.926,0.171,0.138,0.192,0.912,0.069,0.765,0.08,0.564,0.111
217,0.0,0.0,1,10.569790439386356,2.4166358021361547,0,2,2,"4897db4e:29,0871022d:1",0.919,0.182,0.157,0.2,0.9,0.069,0.763,0.076,0.566,0.104
218,0.0,0.0,1,10.54563293549378,2.2123528500887693,0,2,2,"4897db4e:29,0871022d:1",0.92,0.18,0.134,0.199,0.929,0.072,0.762,0.076,0.552,0.112
219,0.0,0.0,1,10.162281157432624,2.212545090080557,0,2,2,"4897db4e:29,0871022d:1",0.923,0.18,0.144,0.205,0.922,0.072,0.76,0.075,0.561,0.106
220,0.0,0.0,1,9.871233054151153,2.333047673875052,0,2,2,"4897db4e:29,0871022d:1",0.926,0.179,0.149,0.203,0.914,0.069,0.76,0.078,0.571,0.11
221,0.0,0.0,1,10.706727730632323,2.3304666040770945,0,2,2,"4897db4e:29,0871022d:1",0.918,0.187,0.167,0.21,0.904,0.07,0.756,0.082,0.563,0.114
222,0.0,0.0,1,11.332904309469448,2.211988377661436,0,2,2,"4897db4e:29,0871022d:1",0.912,0.186,0.173,0.216,0.894,0.071,0.758,0.082,0.572,0.105
223,0.0,0.0,1,11.777750667119633,2.328151489559338,0,2,2,"4897db4e:29,0871022d:1",0.907,0.185,0.177,0.206,0.884,0.071,0.759,0.082,0.587,0.104
224,0.0,0.0,1,10.274708172714703,2.3073504140570402,0,2,2,"4897db4e:29,0871022d:1",0.922,0.17,0.179,0.197,0.879,0.067,0.757,0.081,0.581,0.1
225,0.0,0.0,1,10.689549236703515,2.388501226083472,0,2,2,"4897db4e:29,0871022d:1",0.918,0.179,0.183,0.206,0.875,0.068,0.758,0.08,0.588,0.105
226,0.0,0.0,1,11.00666808784747,2.363323257745459,0,2,2,"4897db4e:29,0871022d:1",0.915,0.18,0.193,0.216,0.867,0.067,0.759,0.077,0.588,0.106
227,0.0,0.0,1,11.39332203179343,2.410267366418157,0,2,2,"4897db4e:29,0871022d:1",0.911,0.182,0.198,0.208,0.856,0.066,0.77,0.077,0.608,0.108
228,0.0,0.0,1,11.232118298069066,2.2677283675175604,0,2,2,"4897db4e:29,0871022d:1",0.913,0.179,0.179,0.208,0.887,0.07,0.774,0.079,0.591,0.111
229,0.0,0.0,1,11.612057597802558,2.2069386806190923,0,2,2,"4897db4e:29,0871022d:1",0.909,0.182,0.182,0.201,0.88,0.068,0.771,0.077,0.6,0.113
230,0.0,0.0,1,10.71625872268337,2.3230307539299444,0,2,2,"4897db4e:29,0871022d:1",0.918,0.177,0.144,0.196,0.911,0.067,0.778,0.072,0.597,0.095
231,0.0,0.0,1,10.933372767032408,2.3125030138953013,0,2,2,"4897db4e:29,0871022d:1",0.916,0.179,0.143,0.195,0.902,0.067,0.789,0.077,0.607,0.105
232,0.0,0.0,1,10.353158258885802,2.2141353083616475,0,2,2,"4897db4e:29,0871022d:1",0.921,0.176,0.125,0.191,0.929,0.066,0.788,0.08,0.598,0.116
233,0.0,0.0,1,10.697433739919356,2.3369840687560055,0,2,2,"4897db4e:29,0871022d:1",0.918,0.179,0.124,0.19,0.947,0.064,0.782,0.079,0.571,0.116
234,0.0,0.0,1,9.188924498583651,2.283799725842651,0,2,2,"4897db4e:29,0871022d:1",0.933,0.155,0.128,0.187,0.937,0.065,0.782,0.077,0.578,0.112
235,0.0,0.0,1,9.624834031882164,2.4050283768262526,0,2,2,"4897db4e:29,0871022d:1",0.929,0.163,0.118,0.184,0.951,0.063,0.776,0.075,0.563,0.125
236,0.0,0.0,1,9.745317071009884,2.287703719626529,0,2,2,"4897db4e:29,0871022d:1",0.928,0.164,0.135,0.187,0.938,0.066,0.774,0.078,0.572,0.129
237,0.0,0.0,1,9.791072497800664,2.2994137997086574,0,2,2,"4897db4e:29,0871022d:1",0.927,0.166,0.139,0.193,0.927,0.069,0.776,0.078,0.571,0.132
238,0.0,0.0,1,9.19257189608235,2.361836845487441,0,2,2,"4897db4e:29,0871022d:1",0.933,0.165,0.133,0.185,0.917,0.069,0.785,0.081,0.59,0.133
239,0.0,0.0,1,10.024086337141057,2.3344562750507682,0,2,2,"4897db4e:29,0871022d:1",0.925,0.173,0.136,0.198,0.927,0.079,0.781,0.079,0.573,0.126
240,0.0,0.0,1,9.375888015832325,2.2069631167541037,0,2,2,"4897db4e:29,0871022d:1",0.931,0.169,0.138,0.19,0.919,0.076,0.782,0.08,0.583,0.128
241,0.0,0.0,1,10.131692946148615,2.213607592423485,0,2,2,"4897db4e:29,0871022d:1",0.924,0.178,0.16,0.196,0.906,0.077,0.771,0.074,0.576,0.125
242,0.0,0.0,1,10.326029277146063,2.2170770319486666,0,2,2,"4897db4e:29,0871022d:1",0.922,0.185,0.143,0.203,0.918,0.075,0.775,0.076,0.568,0.117
243,0.0,0.0,1,10.902208193276296,2.3146362181411044,0,2,2,"4897db4e:29,0871022d:1",0.916,0.187,0.154,0.21,0.906,0.076,0.781,0.08,0.58,0.11
244,0.0,0.0,1,11.143727164306966,2.384461558027941,0,2,2,"4897db4e:29,0871022d:1",0.914,0.182,0.135,0.206,0.931,0.075,0.779,0.081,0.57,0.106
245,0.0,0.0,1,9.23384346187386,2.3918434949261647,0,2,2,"4897db4e:29,0871022d:1",0.933,0.147,0.132,0.198,0.937,0.073,0.774,0.08,0.574,0.114
246,0.0,0.0,1,9.773288078667202,2.2312592217143425,0,2,2,"4897db4e:29,0871022d:1",0.927,0.162,0.153,0.205,0.923,0.075,0.773,0.082,0.578,0.126
247,0.0,0.0,1,8.141307034414751,2.3353159141746134,0,2,2,"4897db4e:29,0871022d:1",0.944,0.133,0.123,0.19,0.945,0.07,0.776,0.086,0.565,0.127
248,0.0,0.0,1,8.767449097905162,2.2260800926037496,0,2,2,"4897db4e:29,0871022d:1",0.937,0.153,0.132,0.188,0.939,0.069,0.774,0.083,0.564,0.128
249,0.0,0.0,1,9.254342074996472,2.2281436833038932,0,2,2,"4897db4e:29,0871022d:1",0.932,0.165,0.145,0.19,0.926,0.072,0.774,0.08,0.567,0.126
250,0.0,0.0,1,9.922973503132365,2.346862900748501,0,2,2,"4897db4e:29,0871022d:1",0.926,0.174,0.167,0.196,0.914,0.073,0.769,0.078,0.576,0.12
251,0.0,0.0,1,10.547560985701859,2.2264075233467366,0,2,2,"4897db4e:29,0871022d:1",0.92,0.182,0.181,0.196,0.9,0.073,0.766,0.077,0.577,0.125
252,0.0,0.0,1,10.884479431698864,2.3757296283690006,0,2,2,"4897db4e:29,0871022d:1",0.916,0.178,0.156,0.202,0.93,0.076,0.763,0.075,0.561,0.129
253,0.0,0.0,1,11.051639844866921,2.3325126139553234,0,2,2,"4897db4e:29,0871022d:1",0.914,0.173,0.151,0.193,0.919,0.078,0.773,0.079,0.578,0.135
254,0.0,0.0,1,8.795273215226704,2.2160098308710903,0,2,2,"4897db4e:29,0871022d:1",0.937,0.14,0.152,0.188,0.911,0.076,0.772,0.081,0.589,0.119
255,0.0,0.0,1,8.667451795011566,2.211878380734267,0,2,2,"4897db4e:29,0871022d:1",0.938,0.154,0.155,0.18,0.902,0.075,0.772,0.086,0.6,0.117
256,0.0,0.0,1,9.225156977356622,2.233407074805025,0,2,2,"4897db4e:29,0871022d:1",0.933,0.165,0.159,0.184,0.895,0.077,0.77,0.085,0.595,0.114
257,0.0,0.0,1,9.972899923603427,2.3194477214440545,0,2,2,"4897db4e:29,0871022d:1",0.925,0.176,0.17,0.183,0.883,0.076,0.772,0.085,0.597,0.119
258,0.0,0.0,1,10.375669758445769,2.3292581880213974,0,2,2,"4897db4e:29,0871022d:1",0.921,0.181,0.178,0.19,0.871,0.075,0.774,0.082,0.601,0.117
259,0.0,0.0,1,10.664975950491904,2.2607860982381807,0,2,2,"4897db4e:29,0871022d:1",0.918,0.178,0.147,0.186,0.908,0.075,0.774,0.083,0.583,0.112
260,0.0,0.0,1,11.056056584334263,2.2556275983590837,0,2,2,"4897db4e:29,0871022d:1",0.914,0.179,0.13,0.187,0.931,0.071,0.771,0.079,0.558,0.112
261,0.0,0.0,1,11.426636947421093,2.25563584494396,0,2,2,"4897db4e:29,0871022d:1",0.911,0.178,0.143,0.19,0.917,0.072,0.776,0.079,0.569,0.1
262,0.0,0.0,1,11.590684791513413,2.358069020693779,0,2,2,"4897db4e:29,0871022d:1",0.909,0.18,0.16,0.198,0.903,0.072,0.778,0.076,0.583,0.094
263,0.0,0.0,1,11.101447528253912,2.215692397378998,0,2,2,"4897db4e:29,0871022d:1",0.914,0.177,0.144,0.197,0.924,0.073,0.778,0.076,0.567,0.09
264,0.0,0.0,1,11.622827593528303,2.2244937787298924,0,2,2,"4897db4e:29,0871022d:1",0.909,0.181,0.158,0.197,0.91,0.074,0.775,0.075,0.562,0.087
265,0.0,0.0,1,10.964300043148437,2.223041166976265,0,2,2,"4897db4e:29,0871022d:1",0.915,0.179,0.131,0.19,0.939,0.066,0.775,0.078,0.545,0.089
266,0.0,0.0,1,11.016999838114435,2.233686390322704,0,2,2,"4897db4e:29,0871022d:1",0.915,0.178,0.153,0.197,0.926,0.069,0.767,0.075,0.547,0.087
267,0.0,0.0,1,11.420418663829116,2.305145064149794,0,2,2,"4897db4e:29,0871022d:1",0.911,0.184,0.164,0.207,0.914,0.069,0.775,0.085,0.564,0.109
268,0.0,0.0,1,11.88742978612653,2.2327050888790905,0,2,2,"4897db4e:29,0871022d:1",0.906,0.187,0.169,0.199,0.901,0.07,0.774,0.08,0.568,0.101
269,0.0,0.0,1,11.242830658608021,2.423131121584868,0,2,2,"4897db4e:29,0871022d:1",0.913,0.182,0.176,0.199,0.893,0.069,0.772,0.079,0.569,0.1
270,0.0,0.0,1,10.678321636949658,2.3320203250777105,0,2,2,"4897db4e:29,0871022d:1",0.918,0.183,0.171,0.189,0.886,0.066,0.773,0.078,0.587,0.11
271,0.0,0.0,1,10.01658092192144,2.236828790748778,0,2,2,"4897db4e:29,0871022d:1",0.925,0.179,0.171,0.183,0.879,0.063,0.773,0.075,0.594,0.097
272,0.0,0.0,1,10.561577846251092,2.3502698801580437,0,2,2,"4897db4e:29,0871022d:1",0.919,0.185,0.183,0.185,0.869,0.063,0.771,0.078,0.591,0.097
273,0.0,0.0,1,11.00386806822759,2.213738713139527,0,2,2,"4897db4e:29,0871022d:1",0.915,0.185,0.183,0.178,0.861,0.062,0.772,0.078,0.61,0.105
274,0.0,0.0,1,11.478973721301383,2.223451549888956,0,2,2,"4897db4e:29,0871022d:1",0.91,0.188,0.189,0.165,0.85,0.06,0.768,0.073,0.611,0.096
275,0.0,0.0,1,11.772227585394983,2.340211545557507,0,2,2,"4897db4e:29,0871022d:1",0.907,0.183,0.202,0.177,0.84,0.058,0.77,0.07,0.62,0.11
276,0.0,0.0,1,9.93979890035232,2.225113197871639,0,2,2,"4897db4e:29,0871022d:1",0.926,0.153,0.193,0.174,0.835,0.059,0.772,0.07,0.631,0.115
277,0.0,0.0,1,9.446808681442974,2.3457682888828812,0,2,2,"4897db4e:29,0871022d:1",0.931,0.16,0.172,0.174,0.831,0.059,0.783,0.08,0.647,0.123
278,0.0,0.0,1,10.163971504763202,2.307694394029972,0,1,1,4897db4e:30,0.923,0.171,0.182,0.177,0.822,0.059,0.786,0.074,0.643,0.116
279,0.0,0.0,1,8.553125326121156,2.331858245182753,0,1,1,4897db4e:30,0.939,0.141,0.179,0.178,0.815,0.057,0.787,0.075,0.643,0.111
280,0.0,0.0,1,8.826950563643804,2.3173119004759557,0,1,1,4897db4e:30,0.937,0.153,0.189,0.186,0.812,0.055,0.782,0.073,0.632,0.112
281,0.0,0.0,1,7.829920632236854,2.296416814064053,0,1,1,4897db4e:30,0.947,0.139,0.196,0.183,0.805,0.054,0.776,0.072,0.626,0.108
282,0.0,0.0,1,8.609257929242167,2.334784711677721,0,1,1,4897db4e:30,0.939,0.158,0.178,0.182,0.801,0.051,0.786,0.076,0.637,0.115
283,0.0,0.0,1,9.253680086027401,2.1987443901691335,0,1,1,4897db4e:30,0.932,0.172,0.178,0.183,0.797,0.048,0.787,0.077,0.648,0.113
284,0.0,0.0,1,7.71446907557283,2.2041187353852205,0,1,1,4897db4e:30,0.948,0.143,0.178,0.185,0.791,0.047,0.786,0.077,0.654,0.111
285,0.0,0.0,1,8.801764946774627,2.371075522839928,0,1,1,4897db4e:30,0.937,0.163,0.2,0.188,0.786,0.046,0.781,0.077,0.643,0.112
286,0.0,0.0,1,9.745388116561763,2.205649081330252,0,1,1,4897db4e:30,0.928,0.171,0.202,0.196,0.782,0.044,0.78,0.077,0.645,0.111
287,0.0,0.0,1,10.446264699090563,2.236834695979288,0,1,1,4897db4e:30,0.921,0.175,0.191,0.192,0.779,0.043,0.785,0.076,0.655,0.114
288,0.0,0.0,1,10.75774044497999,2.338891090878121,0,1,1,4897db4e:30,0.917,0.177,0.2,0.193,0.775,0.041,0.781,0.072,0.654,0.108
289,0.0,0.0,1,9.791625838544505,2.390756500501683,0,1,1,4897db4e:30,0.927,0.172,0.204,0.201,0.77,0.041,0.781,0.075,0.661,0.117
290,0.0,0.0,1,10.176335086900085,2.3249093163598826,0,1,1,4897db4e:30,0.923,0.179,0.22,0.198,0.767,0.045,0.774,0.072,0.648,0.114
291,0.0,0.0,1,10.603660924716268,2.3410305760835026,0,1,1,4897db4e:30,0.919,0.178,0.215,0.183,0.762,0.044,0.78,0.07,0.648,0.106
292,0.0,0.0,1,11.030327448633575,2.3169581263524983,0,1,1,4897db4e:30,0.915,0.18,0.212,0.188,0.761,0.042,0.784,0.074,0.655,0.12
293,0.0,0.0,1,11.191347718959491,2.1951991456793554,0,1,1,4897db4e:30,0.913,0.185,0.202,0.193,0.757,0.042,0.794,0.085,0.666,0.133
294,0.0,0.0,1,11.455150448346608,2.338475488419987,0,1,1,4897db4e:30,0.91,0.182,0.209,0.193,0.754,0.041,0.795,0.091,0.675,0.144
295,0.0,0.0,1,11.46244993207958,2.2094603292559087,0,1,1,4897db4e:30,0.91,0.184,0.204,0.198,0.75,0.041,0.797,0.093,0.682,0.154
296,0.0,0.0,1,11.546655822987425,2.2241893850730063,0,1,1,4897db4e:30,0.91,0.185,0.196,0.195,0.747,0.041,0.798,0.09,0.682,0.146
297,0.0,0.0,1,11.866996965863603,2.3477809030110186,0,1,1,4897db4e:30,0.906,0.187,0.21,0.201,0.745,0.041,0.794,0.091,0.671,0.154
298,0.0,0.0,1,11.783455853987181,2.3305232211192974,0,1,1,4897db4e:30,0.907,0.181,0.171,0.196,0.781,0.041,0.801,0.089,0.65,0.146
299,0.0,0.0,1,9.579965707650812,2.1858472102597015,0,1,1,4897db4e:30,0.929,0.147,0.173,0.188,0.775,0.04,0.797,0.086,0.657,0.149
300,0.0,0.0,1,9.116150552419851,2.1716512239774293,0,1,1,4897db4e:30,0.934,0.158,0.144,0.181,0.813,0.047,0.803,0.087,0.648,0.15
301,0.0,0.0,1,9.462320256170512,2.278849162203122,0,1,1,4897db4e:30,0.93,0.168,0.146,0.191,0.805,0.045,0.807,0.089,0.66,0.149
302,0.0,0.0,1,9.78841612675575,2.1695743402073173,0,1,1,4897db4e:30,0.927,0.174,0.142,0.19,0.797,0.043,0.812,0.089,0.67,0.14
303,0.0,0.0,1,10.450549012103,2.2583740017510956,0,1,1,4897db4e:30,0.92,0.179,0.154,0.196,0.79,0.041,0.808,0.089,0.673,0.145
304,0.0,0.0,1,11.005494751981065,2.388847206300114,0,1,1,4897db4e:30,0.915,0.184,0.173,0.195,0.786,0.039,0.797,0.082,0.662,0.148
305,0.0,0.0,1,11.425374502893717,2.39383369254783,0,1,1,4897db4e:30,0.911,0.186,0.186,0.201,0.78,0.038,0.791,0.081,0.665,0.148
306,0.0,0.0,1,11.665921184662677,2.3340462784231724,0,1,1,4897db4e:30,0.908,0.181,0.189,0.191,0.776,0.037,0.792,0.082,0.666,0.146
307,0.0,0.0,1,11.626462273192244,2.1778061471698535,0,1,1,4897db4e:30,0.909,0.178,0.149,0.189,0.813,0.042,0.798,0.084,0.661,0.146
308,0.0,0.0,1,11.499944425991815,2.2822690731210393,0,1,1,4897db4e:30,0.91,0.181,0.154,0.186,0.805,0.04,0.802,0.083,0.66,0.138
309,0.0,0.0,1,11.270742032565089,2.180812831995985,0,1,1,4897db4e:30,0.912,0.178,0.119,0.183,0.842,0.046,0.806,0.084,0.647,0.133
310,0.0,0.0,1,11.72687234515245,2.181409544102322,0,1,1,4897db4e:30,0.908,0.182,0.116,0.169,0.832,0.043,0.811,0.081,0.662,0.125
311,0.0,0.0,1,11.7958801941168,2.185944722597095,0,1,1,4897db4e:30,0.907,0.181,0.139,0.179,0.823,0.041,0.805,0.079,0.655,0.124
312,0.0,0.0,1,11.608866490633035,2.3987145541802275,0,1,1,4897db4e:30,0.909,0.177,0.121,0.183,0.858,0.048,0.803,0.083,0.642,0.134
313,0.0,0.0,1,10.994847407291502,2.285283650238864,0,1,1,4897db4e:30,0.915,0.178,0.143,0.192,0.849,0.048,0.797,0.083,0.641,0.135
314,0.0,0.0,1,11.053298082669095,2.1943890145681113,0,1,1,4897db4e:30,0.914,0.177,0.157,0.192,0.839,0.046,0.792,0.08,0.638,0.133
315,0.0,0.0,1,11.373399704824282,2.1991324752367425,0,1,1,4897db4e:30,0.911,0.183,0.161,0.196,0.831,0.045,0.793,0.078,0.643,0.137
316,0.0,0.0,1,11.54559867266279,2.188181609514921,0,1,1,4897db4e:30,0.91,0.184,0.158,0.187,0.822,0.043,0.797,0.079,0.662,0.139
317,0.0,0.0,1,10.991786671931182,2.196395402812645,0,1,1,4897db4e:30,0.915,0.185,0.174,0.191,0.815,0.042,0.791,0.079,0.661,0.142
318,0.0,0.0,1,11.477545598299223,2.3623925480009627,0,1,1,4897db4e:30,0.91,0.186,0.171,0.182,0.806,0.04,0.794,0.077,0.667,0.139
319,0.0,0.0,1,11.653016161235337,2.2308417226446697,0,1,1,4897db4e:30,0.908,0.182,0.14,0.18,0.845,0.044,0.793,0.075,0.648,0.137
320,0.0,0.0,1,11.88055124861034,2.3671689793779023,0,1,1,4897db4e:30,0.906,0.181,0.157,0.189,0.837,0.043,0.794,0.08,0.643,0.139
321,0.0,0.0,1,10.90075726296536,2.2291116521180014,0,1,1,4897db4e:30,0.916,0.178,0.135,0.19,0.874,0.049,0.797,0.085,0.633,0.155
322,0.0,0.0,1,10.967070993811795,2.33089455062831,0,1,1,4897db4e:30,0.915,0.183,0.153,0.198,0.865,0.05,0.793,0.086,0.63,0.156
323,0.0,0.0,1,11.62195489350345,2.228109777529186,0,1,1,4897db4e:30,0.909,0.189,0.165,0.206,0.855,0.049,0.791,0.087,0.636,0.169
324,0.0,0.0,1,11.8392660933855,2.3331917445132015,0,1,1,4897db4e:30,0.907,0.182,0.137,0.197,0.892,0.055,0.79,0.084,0.611,0.153
325,0.0,0.0,1,9.962889358248436,2.352614308582724,0,1,1,4897db4e:30,0.925,0.153,0.135,0.191,0.886,0.053,0.793,0.081,0.614,0.148
326,0.0,0.0,1,10.116848867828061,2.306739001556203,0,1,1,4897db4e:30,0.924,0.161,0.152,0.194,0.874,0.053,0.79,0.084,0.611,0.148
327,0.0,0.0,1,9.965524530036703,2.308275181326183,0,1,1,4897db4e:30,0.925,0.166,0.127,0.191,0.906,0.056,0.792,0.084,0.598,0.144
328,0.0,0.0,1,10.522647787585763,2.2318024325043497,0,1,1,4897db4e:30,0.92,0.175,0.148,0.199,0.895,0.057,0.785,0.083,0.599,0.144
329,0.0,0.0,1,9.01831798063564,2.328223014299614,0,1,1,4897db4e:30,0.935,0.158,0.149,0.191,0.887,0.055,0.785,0.084,0.597,0.14
330,0.0,0.0,1,9.619775523266956,2.1977322569498017,0,1,1,4897db4e:30,0.929,0.17,0.149,0.192,0.877,0.056,0.79,0.088,0.613,0.128
331,0.0,0.0,1,10.29634755106648,2.3624941385472873,0,1,1,4897db4e:30,0.922,0.18,0.162,0.197,0.865,0.055,0.785,0.085,0.614,0.124
332,0.0,0.0,1,9.066321908472423,2.306355774211604,0,1,1,4897db4e:30,0.934,0.166,0.151,0.198,0.86,0.053,0.791,0.084,0.625,0.127
333,0.0,0.0,1,9.819191039686373,2.2332619292519973,0,1,1,4897db4e:30,0.927,0.177,0.156,0.202,0.852,0.052,0.792,0.085,0.631,0.122
334,0.0,0.0,1,10.617076629335838,2.3524014281919206,0,1,1,4897db4e:30,0.919,0.186,0.173,0.2,0.845,0.051,0.785,0.081,0.621,0.119
335,0.0,0.0,1,11.284788118010187,2.209356826242333,0,1,1,4897db4e:30,0.912,0.187,0.194,0.204,0.838,0.05,0.775,0.078,0.604,0.117
336,0.0,0.0,1,11.425953500130436,2.216981176680046,0,1,1,4897db4e:30,0.911,0.19,0.203,0.206,0.832,0.047,0.771,0.078,0.608,0.119
337,0.0,0.0,1,11.75175200657579,2.371634146244277,0,1,1,4897db4e:30,0.907,0.186,0.213,0.217,0.822,0.044,0.774,0.081,0.618,0.132
338,0.0,0.0,1,11.839797823624489,2.2151296711429547,0,1,1,4897db4e:30,0.907,0.18,0.18,0.21,0.858,0.049,0.779,0.082,0.604,0.137
339,0.0,0.0,1,11.772777159221608,2.209995680003113,0,1,1,4897db4e:30,0.907,0.183,0.183,0.205,0.851,0.048,0.778,0.081,0.605,0.129
340,0.0,0.0,1,11.04866496872213,2.399942160876305,0,1,1,4897db4e:30,0.915,0.182,0.187,0.199,0.843,0.048,0.775,0.079,0.6,0.122
341,0.0,0.0,1,11.381183358652779,2.3777660381605905,0,1,1,4897db4e:30,0.911,0.186,0.198,0.2,0.836,0.047,0.77,0.079,0.593,0.122
342,0.0,0.0,1,11.394577030893903,2.2068437277998214,0,1,1,4897db4e:30,0.911,0.189,0.204,0.199,0.831,0.048,0.768,0.081,0.596,0.126
343,0.0,0.0,1,11.448947809157758,2.2164548537434516,0,1,1,4897db4e:30,0.911,0.187,0.197,0.191,0.824,0.047,0.776,0.077,0.616,0.109
344,0.0,0.0,1,12.127822363477517,2.2992550067890143,0,1,1,4897db4e:30,0.904,0.19,0.216,0.196,0.816,0.045,0.772,0.076,0.615,0.116
345,0.0,0.0,1,12.35651795485426,2.3417635910907464,0,1,1,4897db4e:30,0.901,0.19,0.19,0.181,0.812,0.042,0.785,0.075,0.632,0.092
346,0.0,0.0,1,11.897224222116877,2.194698329783834,0,1,1,4897db4e:30,0.906,0.189,0.185,0.179,0.807,0.04,0.787,0.074,0.632,0.086
347,0.0,0.0,1,12.057992507265526,2.1956220368222716,0,1,1,4897db4e:30,0.904,0.187,0.182,0.173,0.802,0.038,0.789,0.079,0.639,0.098
348,0.0,0.0,1,12.067917906370186,2.197726749362741,0,1,1,4897db4e:30,0.904,0.184,0.184,0.183,0.796,0.037,0.793,0.082,0.639,0.096
349,0.0,0.0,1,12.060489282881248,2.200320778409704,0,1,1,4897db4e:30,0.904,0.181,0.184,0.173,0.79,0.035,0.791,0.078,0.641,0.078
350,0.0,0.0,1,12.317118864791622,2.3308606399406315,0,1,1,4897db4e:30,0.902,0.185,0.185,0.182,0.786,0.033,0.793,0.078,0.644,0.089
351,0.0,0.0,1,12.065781558881955,2.195880427928624,0,1,1,4897db4e:30,0.904,0.181,0.172,0.179,0.803,0.044,0.794,0.078,0.634,0.09
352,0.0,0.0,1,11.991862652677828,2.2744797948417945,0,1,1,4897db4e:30,0.905,0.181,0.17,0.184,0.797,0.043,0.799,0.08,0.643,0.101
353,0.0,0.0,1,9.929916340685288,2.2139640439105737,0,1,1,4897db4e:30,0.926,0.165,0.147,0.181,0.813,0.055,0.805,0.078,0.649,0.102
354,0.0,0.0,1,10.31935847938821,2.340262948945853,0,1,1,4897db4e:30,0.922,0.174,0.153,0.177,0.807,0.054,0.806,0.082,0.663,0.115
355,0.0,0.0,1,9.72518610991227,2.1809298231297998,0,1,1,4897db4e:30,0.928,0.174,0.154,0.177,0.802,0.052,0.806,0.08,0.659,0.109
356,0.0,0.0,1,10.487753340649942,2.348721333957022,0,1,1,4897db4e:30,0.92,0.182,0.163,0.172,0.799,0.049,0.801,0.08,0.66,0.109
357,0.0,0.0,1,10.603240332006754,2.3519598692225,0,1,1,4897db4e:30,0.919,0.185,0.166,0.169,0.792,0.048,0.798,0.078,0.655,0.102
358,0.0,0.0,1,11.474145831944199,2.1918692030984075,0,1,1,4897db4e:30,0.91,0.188,0.175,0.176,0.786,0.047,0.8,0.082,0.655,0.107
359,0.0,0.0,1,11.905638154803095,2.3364046200899105,0,1,1,4897db4e:30,0.906,0.186,0.195,0.181,0.781,0.046,0.791,0.081,0.637,0.102
360,0.0,0.0,1,11.918187193429157,2.204860194961949,0,1,1,4897db4e:30,0.906,0.184,0.218,0.182,0.774,0.044,0.78,0.076,0.619,0.092
361,0.0,0.0,1,11.895961521602883,2.2533594639441117,0,1,1,4897db4e:30,0.906,0.179,0.223,0.188,0.77,0.044,0.778,0.076,0.619,0.094
362,0.0,0.0,1,11.817327640058181,2.316302010539988,0,1,1,4897db4e:30,0.907,0.178,0.218,0.188,0.767,0.043,0.781,0.079,0.624,0.1
363,0.0,0.0,1,11.286977167221009,2.1853962049487206,0,1,1,4897db4e:30,0.912,0.177,0.172,0.18,0.811,0.045,0.782,0.08,0.601,0.1
364,0.0,0.0,1,11.412473736994782,2.368849063704939,0,1,1,4897db4e:30,0.911,0.178,0.176,0.179,0.806,0.043,0.785,0.08,0.603,0.093
365,0.0,0.0,1,9.26738098890423,2.3793566488222138,0,1,1,4897db4e:30,0.932,0.146,0.169,0.185,0.8,0.042,0.791,0.078,0.617,0.094
366,0.0,0.0,1,9.559312531088462,2.1931509665878166,0,1,1,4897db4e:30,0.929,0.16,0.181,0.194,0.794,0.041,0.785,0.077,0.624,0.104
367,0.0,0.0,1,9.933436915654038,2.288445124255744,0,1,1,4897db4e:30,0.926,0.167,0.186,0.205,0.789,0.04,0.789,0.087,0.625,0.123
368,0.0,0.0,1,10.183529676208511,2.3493782086742176,0,1,1,4897db4e:30,0.923,0.177,0.185,0.205,0.783,0.038,0.79,0.087,0.628,0.113
369,0.0,0.0,1,10.998870381224126,2.3651709018065254,0,1,1,4897db4e:30,0.915,0.186,0.205,0.208,0.778,0.037,0.781,0.084,0.624,0.108
370,0.0,0.0,1,10.977623126688805,2.3321871154483604,0,1,1,4897db4e:30,0.915,0.185,0.209,0.206,0.774,0.036,0.779,0.082,0.621,0.107
371,0.0,0.0,1,10.04337303141533,2.3129490565526947,0,1,1,4897db4e:30,0.925,0.175,0.17,0.202,0.812,0.039,0.782,0.084,0.605,0.108
372,0.0,0.0,1,10.727570569625522,2.1966438302983633,0,1,1,4897db4e:30,0.918,0.177,0.187,0.207,0.806,0.038,0.775,0.081,0.603,0.104
373,0.0,0.0,1,10.08362064443429,2.3334438916656466,0,1,1,4897db4e:30,0.924,0.175,0.189,0.209,0.799,0.036,0.775,0.083,0.606,0.103
374,0.0,0.0,1,10.597884760789876,2.206717657618809,0,1,1,4897db4e:30,0.919,0.18,0.185,0.204,0.793,0.035,0.78,0.091,0.615,0.105
375,0.0,0.0,1,11.042174188268946,2.2054330983971036,0,1,1,4897db4e:30,0.915,0.183,0.187,0.207,0.786,0.034,0.782,0.094,0.621,0.11
376,0.0,0.0,1,11.64573797338166,2.2061000905483152,0,1,1,4897db4e:30,0.909,0.19,0.195,0.195,0.782,0.032,0.779,0.093,0.615,0.104
377,0.0,0.0,1,11.866517347154895,2.2081819223995,0,1,1,4897db4e:30,0.906,0.188,0.203,0.191,0.777,0.031,0.777,0.093,0.62,0.107
378,0.0,0.0,1,11.346837750669831,2.2104632868933978,0,1,1,4897db4e:30,0.912,0.188,0.214,0.195,0.773,0.03,0.771,0.091,0.613,0.101
379,0.0,0.0,1,11.381317287722258,2.2106176060055467,0,1,1,4897db4e:30,0.911,0.184,0.198,0.198,0.791,0.042,0.771,0.09,0.605,0.101
380,0.0,0.0,1,11.620636386880443,2.3605692413096286,0,1,1,4897db4e:30,0.909,0.18,0.201,0.192,0.787,0.04,0.773,0.09,0.614,0.108
381,0.0,0.0,1,11.62095108790222,2.2957238396056106,0,1,1,4897db4e:30,0.909,0.177,0.206,0.195,0.784,0.037,0.776,0.093,0.614,0.117
382,0.0,0.0,1,11.652696993743453,2.209310400136877,0,1,1,4897db4e:30,0.908,0.181,0.215,0.194,0.78,0.036,0.77,0.091,0.616,0.107
383,0.0,0.0,1,11.6446219286389,2.184718086957914,0,1,1,4897db4e:30,0.909,0.181,0.213,0.185,0.777,0.034,0.773,0.086,0.613,0.077
384,0.0,0.0,1,11.916256769723063,2.2046319320317016,0,1,1,4897db4e:30,0.906,0.184,0.21,0.187,0.771,0.033,0.78,0.078,0.617,0.076
385,0.0,0.0,1,11.653908583787917,2.1942764850219207,0,1,1,4897db4e:30,0.908,0.185,0.21,0.181,0.767,0.033,0.781,0.079,0.617,0.073
386,0.0,0.0,1,11.702409895726293,2.331832424108354,0,1,1,4897db4e:30,0.908,0.184,0.199,0.185,0.763,0.032,0.79,0.081,0.631,0.088
387,0.0,0.0,1,11.952531954077276,2.272666413773111,0,1,1,4897db4e:30,0.905,0.184,0.198,0.183,0.759,0.032,0.79,0.079,0.639,0.085
388,0.0,0.0,1,11.805298402490815,2.3456225357774154,0,1,1,4897db4e:30,0.907,0.18,0.165,0.187,0.799,0.038,0.793,0.085,0.614,0.093
389,0.0,0.0,1,11.529593509385936,2.176383248697392,0,1,1,4897db4e:30,0.91,0.187,0.159,0.192,0.793,0.037,0.797,0.082,0.631,0.088
390,0.0,0.0,1,11.853090886159531,2.175776309438976,0,1,1,4897db4e:30,0.906,0.184,0.164,0.202,0.789,0.035,0.805,0.089,0.636,0.101
391,0.0,0.0,1,12.284116709822497,2.3324350525333237,0,1,1,4897db4e:30,0.902,0.186,0.174,0.198,0.783,0.033,0.804,0.083,0.639,0.096
392,0.0,0.0,1,12.249029057858591,2.162805439253024,0,1,1,4897db4e:30,0.903,0.188,0.185,0.205,0.777,0.032,0.802,0.084,0.644,0.108
393,0.0,0.0,1,11.938996912571893,2.167520755110188,0,1,1,4897db4e:30,0.906,0.19,0.191,0.21,0.773,0.032,0.803,0.089,0.642,0.111
394,0.0,0.0,1,12.16385704557513,2.1978075394713357,0,1,1,4897db4e:30,0.903,0.187,0.193,0.219,0.767,0.032,0.805,0.094,0.647,0.125
395,0.0,0.0,1,12.30614614877965,2.2959296339903323,0,1,1,4897db4e:30,0.902,0.183,0.202,0.219,0.763,0.031,0.802,0.092,0.641,0.127
396,0.0,0.0,1,12.054364998970312,2.178291488228771,0,1,1,4897db4e:30,0.904,0.178,0.187,0.2,0.76,0.031,0.814,0.094,0.667,0.133
397,0.0,0.0,1,12.02794607270653,2.214377666655418,0,1,1,4897db4e:30,0.905,0.179,0.191,0.202,0.755,0.031,0.813,0.094,0.669,0.136
398,0.0,0.0,1,11.044273336423004,2.318245140760009,0,1,1,4897db4e:30,0.915,0.18,0.201,0.209,0.751,0.03,0.808,0.09,0.665,0.136
399,0.0,0.0,1,10.343679306692463,2.188928796577168,0,1,1,4897db4e:30,0.922,0.178,0.203,0.206,0.747,0.031,0.805,0.087,0.667,0.13
400,0.0,0.0,1,8.736540139501765,2.3642935385790884,0,1,1,4897db4e:30,0.938,0.15,0.202,0.204,0.742,0.03,0.804,0.089,0.666,0.126
401,0.0,0.0,1,9.632064545070493,2.2222949048969474,0,1,1,4897db4e:30,0.929,0.165,0.187,0.197,0.739,0.031,0.812,0.091,0.675,0.125
402,0.0,0.0,1,10.31373471324897,2.2128144175668627,0,1,1,4897db4e:30,0.922,0.172,0.188,0.194,0.737,0.032,0.81,0.091,0.678,0.125
403,0.0,0.0,1,10.684231562516525,2.1821369143462848,0,1,1,4897db4e:30,0.918,0.174,0.187,0.195,0.735,0.033,0.815,0.095,0.681,0.133
404,0.0,0.0,1,11.0285026717333,2.2097720314872014,0,1,1,4897db4e:30,0.915,0.182,0.173,0.189,0.733,0.035,0.821,0.092,0.698,0.131
405,0.0,0.0,1,11.202849323729732,2.2020298803881406,0,1,1,4897db4e:30,0.913,0.188,0.166,0.165,0.731,0.036,0.822,0.084,0.696,0.107
406,0.0,0.0,1,11.640276545164262,2.1835892365262475,0,1,1,4897db4e:30,0.909,0.193,0.176,0.172,0.729,0.037,0.819,0.085,0.698,0.104
407,0.0,0.0,1,12.057513328018377,2.352814235717118,0,1,1,4897db4e:30,0.904,0.189,0.189,0.174,0.73,0.036,0.812,0.082,0.69,0.111
408,0.0,0.0,1,9.945307950975632,2.2340937132529595,0,1,1,4897db4e:30,0.926,0.154,0.16,0.176,0.763,0.043,0.808,0.079,0.677,0.117
409,0.0,0.0,1,10.494181840493868,2.1941976226011537,0,1,1,4897db4e:30,0.92,0.167,0.174,0.172,0.76,0.043,0.801,0.076,0.672,0.118
410,0.0,0.0,1,10.814076543331693,2.3725206907383036,0,1,1,4897db4e:30,0.917,0.174,0.183,0.181,0.755,0.042,0.799,0.079,0.678,0.121
411,0.0,0.0,1,10.58079629656089,2.203942747965633,0,1,1,4897db4e:30,0.919,0.182,0.181,0.17,0.75,0.04,0.798,0.076,0.673,0.112
412,0.0,0.0,1,11.28642273861729,2.2008675434420946,0,1,1,4897db4e:30,0.912,0.19,0.191,0.181,0.746,0.041,0.795,0.077,0.664,0.123
413,0.0,0.0,1,11.665993758693311,2.3527192599963715,0,1,1,4897db4e:30,0.908,0.188,0.191,0.192,0.742,0.041,0.8,0.081,0.669,0.124
414,0.0,0.0,1,11.950150321710083,2.18999683217191,0,1,1,4897db4e:30,0.905,0.189,0.189,0.181,0.739,0.041,0.799,0.078,0.676,0.122
415,0.0,0.0,1,10.298285153960716,2.2008935961640903,0,1,1,4897db4e:30,0.922,0.166,0.195,0.178,0.734,0.041,0.794,0.076,0.672,0.12
416,0.0,0.0,1,10.745056642881494,2.2079350620037084,0,1,1,4897db4e:30,0.918,0.176,0.201,0.184,0.73,0.041,0.791,0.072,0.68,0.133
417,0.0,0.0,1,11.018839496614412,2.204783885963691,0,1,1,4897db4e:30,0.915,0.18,0.21,0.189,0.727,0.042,0.785,0.073,0.676,0.135
418,0.0,0.0,1,11.23943752248522,2.3357664300438863,0,1,1,4897db4e:30,0.913,0.183,0.215,0.196,0.726,0.043,0.788,0.075,0.681,0.135
419,0.0,0.0,1,9.464225622191675,2.2041488374308384,0,1,1,4897db4e:30,0.93,0.16,0.212,0.192,0.722,0.042,0.788,0.076,0.685,0.13
420,0.0,0.0,1,9.90157211843094,2.3105194462688807,0,1,1,4897db4e:30,0.926,0.17,0.216,0.193,0.72,0.044,0.79,0.08,0.687,0.137
421,0.0,0.0,1,9.038561502307333,2.3122660417640217,0,1,1,4897db4e:30,0.935,0.161,0.209,0.19,0.716,0.043,0.791,0.078,0.69,0.138
422,0.0,0.0,1,8.253991438561547,2.234008714960767,0,1,1,4897db4e:30,0.942,0.157,0.206,0.192,0.713,0.043,0.79,0.077,0.69,0.136
423,0.0,0.0,1,9.299037016926341,2.213588317601389,0,1,1,4897db4e:30,0.932,0.176,0.195,0.194,0.71,0.044,0.796,0.08,0.693,0.13
424,0.0,0.0,1,8.648063801998736,2.2188956586118396,0,1,1,4897db4e:30,0.939,0.176,0.21,0.198,0.706,0.044,0.787,0.078,0.68,0.134
425,0.0,0.0,1,9.781457501713279,2.213118970166732,0,1,1,4897db4e:30,0.927,0.184,0.212,0.196,0.706,0.047,0.789,0.079,0.682,0.13
426,0.0,0.0,1,10.913926255167917,2.2128375087927963,0,1,1,4897db4e:30,0.916,0.189,0.217,0.205,0.705,0.049,0.79,0.079,0.672,0.134
427,0.0,0.0,1,11.615247581910404,2.215245311398984,0,1,1,4897db4e:30,0.909,0.188,0.239,0.204,0.704,0.051,0.779,0.076,0.656,0.139
428,0.0,0.0,1,12.086940790531226,2.389463371182974,0,1,1,4897db4e:30,0.904,0.186,0.234,0.198,0.703,0.053,0.782,0.074,0.666,0.139
429,0.0,0.0,1,12.108577417537738,2.3240831749935493,0,1,1,4897db4e:30,0.904,0.182,0.246,0.188,0.703,0.054,0.777,0.068,0.648,0.126
430,0.0,0.0,1,10.030557881401904,2.3624811763947173,0,1,1,4897db4e:30,0.925,0.153,0.225,0.18,0.699,0.054,0.788,0.071,0.659,0.123
431,0.0,0.0,1,7.969111216302379,2.242703955604356,0,1,1,4897db4e:30,0.945,0.123,0.222,0.169,0.695,0.053,0.786,0.069,0.661,0.113
432,0.0,0.0,1,8.554997141103778,2.303247890046711,0,1,1,4897db4e:30,0.939,0.15,0.227,0.167,0.697,0.054,0.785,0.067,0.659,0.108
433,0.0,0.0,1,9.26176545940463,2.362667688951284,0,1,1,4897db4e:30,0.932,0.164,0.216,0.184,0.699,0.054,0.793,0.07,0.66,0.109
434,0.0,0.0,1,7.532342538876333,2.309354141260445,0,1,1,4897db4e:30,0.95,0.14,0.217,0.179,0.695,0.053,0.79,0.069,0.652,0.103
435,0.0,0.0,1,8.66310552842465,2.4046303252268117,0,1,1,4897db4e:30,0.938,0.166,0.222,0.178,0.693,0.054,0.786,0.067,0.649,0.1
436,0.0,0.0,1,9.635926185624543,2.204358249575283,0,1,1,4897db4e:30,0.929,0.174,0.224,0.189,0.695,0.056,0.785,0.072,0.646,0.105
437,0.0,0.0,1,10.502029554076568,2.3273195696077194,0,1,1,4897db4e:30,0.92,0.182,0.222,0.186,0.693,0.057,0.785,0.073,0.647,0.104
438,0.0,0.0,1,9.026397567254353,2.199864954727632,0,1,1,4897db4e:30,0.935,0.154,0.218,0.182,0.689,0.056,0.787,0.073,0.653,0.108
439,0.0,0.0,1,9.864234146585146,2.201445657674641,0,1,1,4897db4e:30,0.926,0.166,0.217,0.186,0.689,0.058,0.789,0.074,0.653,0.113
440,0.0,0.0,1,10.462893834572892,2.2012319260606366,0,1,1,4897db4e:30,0.92,0.172,0.213,0.186,0.688,0.061,0.789,0.075,0.655,0.115
441,0.0,0.0,1,10.692916418506014,2.3615378953137327,0,1,1,4897db4e:30,0.918,0.174,0.215,0.191,0.687,0.062,0.788,0.076,0.664,0.12
442,0.0,0.0,1,9.045584430934525,2.207602517286788,0,1,1,4897db4e:30,0.935,0.144,0.206,0.184,0.683,0.061,0.791,0.076,0.668,0.117
443,0.0,0.0,1,9.520108001837096,2.3943099487687194,0,1,1,4897db4e:30,0.93,0.158,0.215,0.187,0.682,0.063,0.787,0.077,0.67,0.124
444,0.0,0.0,1,9.49123991186934,2.3559773706584215,0,1,1,4897db4e:30,0.93,0.163,0.183,0.194,0.718,0.066,0.788,0.077,0.648,0.124
445,0.0,0.0,1,9.954508635867278,2.2385286501297457,0,1,1,4897db4e:30,0.925,0.166,0.193,0.195,0.718,0.065,0.786,0.077,0.65,0.116
446,0.0,0.0,1,10.527126375709004,2.3352287125248403,0,1,1,4897db4e:30,0.92,0.174,0.205,0.189,0.717,0.066,0.785,0.078,0.647,0.115
447,0.0,0.0,1,8.577930892859552,2.24462050930149,0,1,1,4897db4e:30,0.939,0.144,0.194,0.185,0.713,0.064,0.788,0.077,0.65,0.112
448,0.0,0.0,1,9.223325751913316,2.3968533012506867,0,1,1,4897db4e:30,0.933,0.16,0.201,0.19,0.711,0.065,0.785,0.073,0.65,0.115
449,0.0,0.0,1,10.052840991598861,2.2037881165791777,0,1,1,4897db4e:30,0.924,0.172,0.197,0.191,0.711,0.065,0.793,0.078,0.66,0.118
450,0.0,0.0,1,10.55650938809875,2.3743542988447195,0,1,1,4897db4e:30,0.919,0.175,0.213,0.195,0.713,0.063,0.787,0.078,0.649,0.116
451,0.0,0.0,1,10.621844682771478,2.2258122403072673,0,1,1,4897db4e:30,0.919,0.178,0.211,0.197,0.71,0.063,0.788,0.075,0.653,0.11
452,0.0,0.0,1,10.866417794662699,2.200547860807919,0,1,1,4897db4e:30,0.916,0.181,0.212,0.198,0.711,0.063,0.788,0.078,0.653,0.111
453,0.0,0.0,1,11.169459429379778,2.2865806629365073,0,1,1,4897db4e:30,0.913,0.182,0.223,0.193,0.707,0.062,0.783,0.073,0.643,0.103
454,0.0,0.0,1,11.298919110205617,2.222973937869858,0,1,1,4897db4e:30,0.912,0.178,0.227,0.199,0.705,0.063,0.781,0.077,0.64,0.112
455,0.0,0.0,1,11.701573247414656,2.320153730364589,0,1,1,4897db4e:30,0.908,0.184,0.229,0.199,0.705,0.066,0.784,0.08,0.652,0.123
456,0.0,0.0,1,11.370972526907213,2.2929469324753216,0,1,1,4897db4e:30,0.911,0.187,0.206,0.198,0.702,0.065,0.799,0.081,0.675,0.117
457,0.0,0.0,1,11.55408988165314,2.199704844992383,0,1,1,4897db4e:30,0.909,0.186,0.213,0.197,0.704,0.067,0.796,0.081,0.667,0.112
458,0.0,0.0,1,11.909849359125616,2.202512381959553,0,1,1,4897db4e:30,0.906,0.186,0.223,0.201,0.702,0.068,0.791,0.077,0.662,0.12
459,0.0,0.0,1,10.908829109386192,2.3410174920590188,0,1,1,4897db4e:30,0.916,0.179,0.223,0.202,0.699,0.067,0.795,0.082,0.667,0.132
460,0.0,0.0,1,10.874552502702691,2.340472925354472,0,1,1,4897db4e:30,0.916,0.186,0.207,0.188,0.696,0.067,0.801,0.079,0.672,0.117
461,0.0,0.0,1,10.57301674633429,2.1935558944836084,0,1,1,4897db4e:30,0.919,0.181,0.167,0.174,0.734,0.07,0.802,0.076,0.662,0.118
462,0.0,0.0,1,9.282598027540114,2.3390877803435566,0,1,1,4897db4e:30,0.932,0.156,0.133,0.171,0.769,0.072,0.802,0.077,0.66,0.124
463,0.0,0.0,1,9.982814679394087,2.1994052056627496,0,1,1,4897db4e:30,0.925,0.163,0.114,0.175,0.803,0.072,0.798,0.076,0.643,0.13
464,0.0,0.0,1,10.439369435682218,2.2357498705784034,0,1,1,4897db4e:30,0.921,0.171,0.128,0.179,0.795,0.069,0.796,0.08,0.646,0.141
465,0.0,0.0,1,10.752202346540361,2.3481227796195956,0,1,1,4897db4e:30,0.917,0.178,0.136,0.179,0.787,0.067,0.797,0.082,0.655,0.131
466,0.0,0.0,1,10.970549733579828,2.2020243367905086,0,1,1,4897db4e:30,0.915,0.179,0.154,0.182,0.78,0.065,0.791,0.081,0.654,0.126
467,0.0,0.0,1,9.500320259259311,2.3502958343471563,0,1,1,4897db4e:30,0.93,0.164,0.155,0.177,0.775,0.064,0.789,0.081,0.656,0.13
468,0.0,0.0,1,10.35040550079538,2.341120623477914,0,1,1,4897db4e:30,0.921,0.177,0.173,0.176,0.774,0.06,0.784,0.08,0.649,0.124
469,0.0,0.0,1,10.814704611310946,2.400660604905912,0,1,1,4897db4e:30,0.917,0.181,0.186,0.18,0.768,0.059,0.778,0.079,0.642,0.12
470,0.0,0.0,1,11.401419605929572,2.211556367225892,0,1,1,4897db4e:30,0.911,0.185,0.187,0.186,0.762,0.056,0.781,0.087,0.644,0.126
471,0.0,0.0,1,11.319085626043941,2.327480768791802,0,1,1,4897db4e:30,0.912,0.183,0.188,0.185,0.757,0.055,0.784,0.083,0.645,0.122
472,0.0,0.0,1,11.468449679557748,2.2031365702467816,0,1,1,4897db4e:30,0.91,0.185,0.189,0.187,0.753,0.054,0.782,0.082,0.646,0.127
473,0.0,0.0,1,12.017103772703248,2.2097471715306094,0,1,1,4897db4e:30,0.905,0.187,0.194,0.183,0.748,0.053,0.782,0.08,0.646,0.115
474,0.0,0.0,1,12.088689862378747,2.3451676438656897,0,1,1,4897db4e:30,0.904,0.18,0.188,0.179,0.745,0.053,0.784,0.082,0.653,0.117
475,0.0,0.0,1,11.811646772426288,2.2034586186555565,0,1,1,4897db4e:30,0.907,0.175,0.175,0.187,0.759,0.051,0.791,0.086,0.651,0.119
476,0.0,0.0,1,11.710702275930057,2.363997383800505,0,1,1,4897db4e:30,0.908,0.177,0.184,0.192,0.754,0.05,0.787,0.084,0.645,0.111
477,0.0,0.0,1,11.670323589332634,2.2370194999696,0,1,1,4897db4e:30,0.908,0.177,0.188,0.191,0.752,0.049,0.792,0.088,0.647,0.111
478,0.0,0.0,1,11.646904488142246,2.240986434061146,0,1,1,4897db4e:30,0.909,0.178,0.203,0.198,0.752,0.048,0.789,0.087,0.643,0.108
479,0.0,0.0,1,10.105049724634796,2.4082190482988817,0,1,1,4897db4e:30,0.924,0.169,0.206,0.197,0.748,0.047,0.786,0.085,0.637,0.108
480,0.0,0.0,1,10.657238354746124,2.215310926328297,0,1,1,4897db4e:30,0.918,0.179,0.205,0.192,0.744,0.047,0.79,0.079,0.643,0.1
481,0.0,0.0,1,10.979297665105625,2.2205067234292697,0,1,1,4897db4e:30,0.915,0.185,0.22,0.199,0.746,0.041,0.785,0.081,0.629,0.098
482,0.0,0.0,1,11.365957290689812,2.3757360757462043,0,1,1,4897db4e:30,0.911,0.185,0.222,0.197,0.744,0.043,0.785,0.079,0.63,0.097
483,0.0,0.0,1,11.299503886042283,2.37171332662427,0,1,1,4897db4e:30,0.912,0.18,0.186,0.193,0.778,0.044,0.789,0.084,0.62,0.102
484,0.0,0.0,1,11.19367203462036,2.4145013498591656,0,1,1,4897db4e:30,0.913,0.174,0.156,0.191,0.816,0.047,0.79,0.085,0.608,0.105
485,0.0,0.0,1,11.404593977415265,2.2213883024837093,0,1,1,4897db4e:30,0.911,0.18,0.154,0.188,0.809,0.045,0.793,0.084,0.612,0.099
486,0.0,0.0,1,11.764550953798745,2.221569855357933,0,1,1,4897db4e:30,0.907,0.186,0.153,0.192,0.802,0.044,0.798,0.085,0.626,0.104
487,0.0,0.0,1,11.915819397692797,2.3495966548408234,0,1,1,4897db4e:30,0.906,0.185,0.156,0.198,0.796,0.043,0.795,0.086,0.629,0.104
488,0.0,0.0,1,12.111332363459905,2.3736270434885536,0,1,1,4897db4e:30,0.904,0.192,0.18,0.202,0.789,0.04,0.785,0.083,0.627,0.109
489,0.0,0.0,1,12.361143977000342,2.2022327162054895,0,1,1,4897db4e:30,0.901,0.189,0.169,0.182,0.781,0.037,0.795,0.079,0.637,0.096
490,0.0,0.0,1,11.094923785230664,2.393799107107136,0,1,1,4897db4e:30,0.914,0.18,0.161,0.182,0.777,0.037,0.798,0.078,0.65,0.107
491,0.0,0.0,1,9.538180233150271,2.23843115619541,0,1,1,4897db4e:30,0.93,0.161,0.163,0.172,0.771,0.035,0.795,0.075,0.643,0.1
492,0.0,0.0,1,10.057790767574796,2.3232207835492,0,1,1,4897db4e:30,0.924,0.169,0.174,0.184,0.767,0.035,0.794,0.075,0.647,0.097
493,0.0,0.0,1,10.608984923514582,2.224218115045533,0,1,1,4897db4e:30,0.919,0.177,0.177,0.182,0.763,0.035,0.793,0.075,0.644,0.093
494,0.0,0.0,1,10.861423362562231,2.2335770579557734,0,1,1,4897db4e:30,0.916,0.18,0.141,0.183,0.806,0.037,0.792,0.075,0.629,0.109
495,0.0,0.0,1,11.370644165687708,2.2168270101242666,0,1,1,4897db4e:30,0.911,0.184,0.16,0.192,0.798,0.035,0.79,0.076,0.62,0.115
496,0.0,0.0,1,11.500879654322574,2.453875347605687,0,1,1,4897db4e:30,0.91,0.19,0.172,0.197,0.792,0.034,0.787,0.077,0.621,0.126
497,0.0,0.0,1,11.935048730251856,2.3378627877655647,0,1,1,4897db4e:30,0.906,0.19,0.178,0.206,0.787,0.033,0.789,0.083,0.623,0.131
498,0.0,0.0,1,12.26390015753242,2.3319429866894343,0,1,1,4897db4e:30,0.902,0.19,0.19,0.208,0.782,0.032,0.789,0.088,0.619,0.133
499,0.0,0.0,1,12.609118943884964,2.269139537862872,0,1,1,4897db4e:30,0.899,0.189,0.199,0.201,0.776,0.03,0.784,0.079,0.609,0.125
500,0.0,0.0,1,12.71230010837252,2.375287239043925,0,1,1,4897db4e:30,0.898,0.19,0.194,0.198,0.772,0.03,0.79,0.085,0.619,0.131
